CD_ACCESSO,BUSINESS_PROCESS,TI_FUNZIONE,ESERCIZIO_INIZIO_VALIDITA,ESERCIZIO_FINE_VALIDITA,UTCR,UTUV,PG_VER_REC
"AMMDOCGENDOCSGENATTV","CRUDGenericoAttivoBP","V","NULL","NULL","SYSTEM","SYSTEM","1"
"AMMDOCGENDOCSGENPASM","CRUDGenericoPassivoBP","M","NULL","NULL","SYSTEM","SYSTEM","1"
"AMMDOCGENDOCSGENPASV","CRUDGenericoPassivoBP","V","NULL","NULL","SYSTEM","SYSTEM","1"
"AMMFATTURDOCSFATPASM","CRUDFatturaPassivaBP","M","NULL","NULL","SYSTEM","SYSTEM","1"
"AMMFATTURDOCSFATPASV","CRUDFatturaPassivaBP","V","NULL","NULL","SYSTEM","SYSTEM","1"
"AMMFATTURTABRATTCOMM","CRUDAttivitaCommercialeBP","M","NULL","NULL","SYSTEM","SYSTEM","1"
"AMMFATTURTABRATTCOMV","CRUDAttivitaCommercialeBP","V","NULL","NULL","SYSTEM","SYSTEM","1"
"AMMFATTURTABRBENSERM","CRUDBeneServizioBP","M","NULL","NULL","SYSTEM","SYSTEM","1"
"AMMFATTURTABRBENSERV","CRUDBeneServizioBP","V","NULL","NULL","SYSTEM","SYSTEM","1"
"AMMFATTURTABRCAMBIOM","CRUDCambioBP","M","NULL","NULL","SYSTEM","SYSTEM","1"
"AMMFATTURTABRCAMBIOV","CRUDCambioBP","V","NULL","NULL","SYSTEM","SYSTEM","1"
"AMMFATTURTABRGRUIVAM","CRUDGruppoIvaBP","M","NULL","NULL","SYSTEM","SYSTEM","1"
"AMMFATTURTABRGRUIVAV","CRUDGruppoIvaBP","V","NULL","NULL","SYSTEM","SYSTEM","1"
"AMMFATTURTABRSEZIONM","CRUDSezionaleBP","M","NULL","NULL","SYSTEM","SYSTEM","1"
"AMMFATTURTABRSEZIONV","CRUDSezionaleBP","V","NULL","NULL","SYSTEM","SYSTEM","1"
"AMMFATTURTABRTIPSEZM","CRUDTipoSezionaleBP","M","NULL","NULL","SYSTEM","SYSTEM","1"
"AMMFATTURTABRTIPSEZV","CRUDTipoSezionaleBP","V","NULL","NULL","SYSTEM","SYSTEM","1"
"AMMFATTURTABRVALSTRM","CRUDValutaStranieraBP","M","NULL","NULL","SYSTEM","SYSTEM","1"
"AMMFATTURTABRVALSTRV","CRUDValutaStranieraBP","V","NULL","NULL","SYSTEM","SYSTEM","1"
"AMMFATTURTABRVOCIVAM","CRUDVoceIvaBP","M","NULL","NULL","SYSTEM","SYSTEM","1"
"AMMFATTURTABRVOCIVAV","CRUDVoceIvaBP","V","NULL","NULL","SYSTEM","SYSTEM","1"
"AMMDOCGENDOCSGENATTM","CRUDGenericoAttivoBP","M","NULL","NULL","SYSTEM","SYSTEM","1"
"DOCOBBLIGCOREACCERTM","CRUDAccertamentoBP","M","2010","NULL","SYSTEM","SYSTEM","1"
"DOCOBBLIGCOREACCERTV","CRUDAccertamentoBP","V","NULL","NULL","SYSTEM","SYSTEM","1"
"DOCOBBLIGCOREOBBLDFM","ListaObbligazioniDefinitiveBP","M","2010","NULL","SYSTEM","SYSTEM","1"
"DOCOBBLIGCOREOBBLDFV","ListaObbligazioniDefinitiveBP","V","NULL","NULL","SYSTEM","SYSTEM","1"
"DOCOBBLIGCOREOBBLIGM","CRUDObbligazioneBP","M","2010","NULL","SYSTEM","SYSTEM","1"
"DOCOBBLIGCOREOBBLIGV","CRUDObbligazioneBP","V","NULL","NULL","SYSTEM","SYSTEM","1"
"DOCOBBLIGCOREOBBLPRM","ListaObbligazioniProvvisorieBP","M","NULL","NULL","SYSTEM","SYSTEM","1"
"DOCOBBLIGCOREOBBLPRV","ListaObbligazioniProvvisorieBP","V","NULL","NULL","SYSTEM","SYSTEM","1"
"DOCOBBLIGTABRTIPOBBM","CRUDTipoObbligazioneBP","M","NULL","NULL","SYSTEM","SYSTEM","1"
"DOCOBBLIGTABRTIPOBBV","CRUDTipoObbligazioneBP","V","NULL","NULL","SYSTEM","SYSTEM","1"
"AMMFATTURDOCSFATATTM","CRUDFatturaAttivaBP","M","NULL","NULL","SYSTEM","SYSTEM","1"
"DOCMANDATCOREACCRE0V","CRUDMandatoAccreditamentoBP","V","NULL","2015","SYSTEM","SYSTEM","1"
"DOCMANDATCOREPAGAM0M","CRUDMandatoBP","M","2010","NULL","SYSTEM","SYSTEM","1"
"DOCMANDATCOREPAGAM0V","CRUDMandatoBP","V","NULL","NULL","SYSTEM","SYSTEM","1"
"AMMFATTURDOCSFATATTV","CRUDFatturaAttivaBP","V","NULL","NULL","SYSTEM","SYSTEM","1"
"AMMFATTURTABRTARIFFM","CRUDTariffarioBP","M","NULL","NULL","SYSTEM","SYSTEM","1"
"AMMFATTURTABRTARIFFV","CRUDTariffarioBP","V","NULL","NULL","SYSTEM","SYSTEM","1"
"AMMFATTURTABRTIPPREM","CRUDTipologiaPrestazioneBP","M","NULL","NULL","SYSTEM","SYSTEM","1"
"AMMFATTURTABRTIPPREV","CRUDTipologiaPrestazioneBP","V","NULL","NULL","SYSTEM","SYSTEM","1"
"AMMMISSIOTABRTIPSPEM","CRUDMissioneTipoSpesaBP","M","NULL","NULL","SYSTEM","SYSTEM","1"
"AMMMISSIOTABRTIPSPEV","CRUDMissioneTipoSpesaBP","V","NULL","NULL","SYSTEM","SYSTEM","1"
"AMMMISSIOTABRTFAUTOM","CRUDMissioneTariffarioAutoBP","M","NULL","NULL","SYSTEM","SYSTEM","1"
"AMMMISSIOTABRTFAUTOV","CRUDMissioneTariffarioAutoBP","V","NULL","NULL","SYSTEM","SYSTEM","1"
"AMMMISSIOTABRRIMBKMM","CRUDMissioneRimborsoKmBP","M","NULL","NULL","SYSTEM","SYSTEM","1"
"AMMMISSIOTABRRIMBKMV","CRUDMissioneRimborsoKmBP","V","NULL","NULL","SYSTEM","SYSTEM","1"
"AMMINVENTTABRUBICAZV","CRUDUbicazioneBP","V","NULL","NULL","SYSTEM","SYSTEM","1"
"AMMINVENTTABRUBICAZM","CRUDUbicazioneBP","M","NULL","NULL","SYSTEM","SYSTEM","1"
"AMMINVENTTABRCONBENV","CRUDCondizioneBeneBP","V","NULL","NULL","SYSTEM","SYSTEM","1"
"AMMINVENTTABRIDINVEV","CRUDIdInventarioBP","V","NULL","NULL","SYSTEM","SYSTEM","1"
"AMMINVENTTABRIDINVEM","CRUDIdInventarioBP","M","NULL","NULL","SYSTEM","SYSTEM","1"
"AMMMISSIOTABRTIPASTV","CRUDMissioneTipoPastoBP","V","NULL","NULL","SYSTEM","SYSTEM","1"
"AMMMISSIOTABRTIPASTM","CRUDMissioneTipoPastoBP","M","NULL","NULL","SYSTEM","SYSTEM","1"
"AMMINVENTCORESCAINVV","CRUDScaricoInventarioBP","V","NULL","NULL","SYSTEM","SYSTEM","1"
"AMMINVENTCORESCAINVM","CRUDScaricoInventarioBP","M","NULL","NULL","SYSTEM","SYSTEM","1"
"AMMMISSIOTABRDIARIAM","CRUDMissioneDiariaBP","M","NULL","NULL","SYSTEM","SYSTEM","1"
"AMMCOMPENTABRSCAGLIV","CRUDScaglioneBP","V","NULL","NULL","SYSTEM","SYSTEM","1"
"AMMCOMPENTABRSCAGLIM","CRUDScaglioneBP","M","NULL","NULL","SYSTEM","SYSTEM","1"
"AMMCOMPENTABRTICONTV","CRUDTipoContributoRitenutaBP","V","NULL","NULL","SYSTEM","SYSTEM","1"
"AMMCOMPENTABRTICONTM","CRUDTipoContributoRitenutaBP","M","NULL","NULL","SYSTEM","SYSTEM","1"
"AMMMISSIOTABRABBATTV","CRUDMissioneAbbattimentiBP","V","NULL","NULL","SYSTEM","SYSTEM","1"
"AMMMISSIOTABRABBATTM","CRUDMissioneAbbattimentiBP","M","NULL","NULL","SYSTEM","SYSTEM","1"
"AMMCOMPENTABRDETFAMV","CRUDDetrazioniFamiliariBP","V","NULL","NULL","SYSTEM","SYSTEM","1"
"AMMCOMPENTABRDETFAMM","CRUDDetrazioniFamiliariBP","M","NULL","NULL","SYSTEM","SYSTEM","1"
"CNSPDGINGCORERNCDSEM","RendicontoFinanziarioCDSEntrateBP","M","NULL","2005","SYSTEM","SYSTEM","1"
"CNSPDGINGCORERNCDSSM","RendicontoFinanziarioCDSSpeseBP","M","NULL","2005","SYSTEM","SYSTEM","1"
"CNSPDGINGCORERNSACSM","RendicontoFinanziarioSACSpeseBP","M","NULL","2005","SYSTEM","SYSTEM","1"
"AMMCOMPENCORESTRICPM","StampaRiepilogoCompensiBP","M","NULL","NULL","SYSTEM","SYSTEM","1"
"DOCINTCASCORESSOMANM","StampaSospesiCNRAssocMandBP","M","NULL","NULL","SYSTEM","SYSTEM","1"
"AMMLIQIVACORELIQANNM","LiquidazioneAnnualeBP","M","NULL","NULL","SYSTEM","SYSTEM","1"
"AMMLIQIVACORECDIVAAM","CodiciIvaFattureAcquistiBP","M","NULL","NULL","SYSTEM","SYSTEM","1"
"AMMLIQIVACORECDIVAVM","CodiciIvaFattureVenditeBP","M","NULL","NULL","SYSTEM","SYSTEM","1"
"AMMLIQIVACORERIQUVFM","QuadriVaVfBP","M","NULL","NULL","SYSTEM","SYSTEM","1"
"AMMLIQIVACORERIQUVEM","QuadriVaVeBP","M","NULL","NULL","SYSTEM","SYSTEM","1"
"CFGLOGREGCORELOGREGV","SelezionatoreLogRegistryBP","V","NULL","NULL","SYSTEM","SYSTEM","1"
"DOCSNGCNTCORESTSNGCM","RicercaSingoloContoBP","M","NULL","NULL","SYSTEM","SYSTEM","1"
"AMMCOMPENCORECRTPRVM","StampaCertificazioneRitenutaPrevidenzialeBP","M","NULL","2012","SYSTEM","SYSTEM","1"
"AMMCOMPENCORECRTACCM","StampaCertificazioneRitenutaAccontoBP","M","NULL","2012","SYSTEM","SYSTEM","1"
"AMMCOMPENCORECRTIMPM","StampaCertificazioneTitoloImpostaBP","M","NULL","2012","SYSTEM","SYSTEM","1"
"AMMCOMPENESTRELACUDM","EstrazioneCUDBP","M","NULL","NULL","SYSTEM","SYSTEM","1"
"DOCOBBLIGCOREOBBRIPM","StampaObbligazioniRiportabiliBP","M","NULL","NULL","SYSTEM","SYSTEM","1"
"DOCINTCASCORESOSASSM","StampaSospesiDaAssegnareBP","M","NULL","NULL","SYSTEM","SYSTEM","1"
"AMMCOMPENESTRELINPSM","EstrazioneINPSBP","M","NULL","NULL","SYSTEM","SYSTEM","1"
"AMMINVENTCORESTNOUTM","StampaBeniSenzaUtilizzatoriBP","M","NULL","NULL","SYSTEM","SYSTEM","1"
"CNSRNDFINCOREFINCNRM","StampaRendFinanziarioCNRBP","M","NULL","NULL","SYSTEM","SYSTEM","1"
"CNSRNDFINCORECNRCDSM","StampaRendFinanziarioCNRperCdsBP","M","NULL","NULL","SYSTEM","SYSTEM","1"
"PRVPDGINGCORESTRPCSM","StampaRipartizioneCostiBP","M","2006","NULL","SYSTEM","SYSTEM","1"
"DOCOBBLIGCORESTOBLAM","StampaObbligazioniLABP","M","NULL","NULL","SYSTEM","SYSTEM","1"
"AMMINVENTCOREREGINVM","StampaRegistroInventarioBP","M","NULL","NULL","SYSTEM","SYSTEM","1"
"AMMDOCGENDOCSGENPVPM","StampaDocGenPasPerVocePBP","M","NULL","NULL","SYSTEM","SYSTEM","1"
"AMMCOMPENCORECOMPVPM","StampaCompensiPerVocePBP","M","NULL","NULL","SYSTEM","SYSTEM","1"
"AMMFATTURDOCSFATPVPM","StampaFattPassPerVocePBP","M","NULL","NULL","SYSTEM","SYSTEM","1"
"DOCREVERSCOREREVPRVV","ListaReversaliBP","V","NULL","NULL","SYSTEM","SYSTEM","1"
"AMMFATTURDOCSNOTDBTV","CRUDNotaDiDebitoBP","V","NULL","NULL","SYSTEM","SYSTEM","1"
"PRVCSTDIPCORECSTDIPV","CRUDCostoDelDipendenteBP","V","2006","NULL","SYSTEM","SYSTEM","1"
"PRVCSTDIPCORECSTDIPM","CRUDCostoDelDipendenteBP","M","2006","NULL","SYSTEM","SYSTEM","1"
"PRVCSTDIPCORERIPCSTV","CostiDipendenteBP","V","2006","NULL","SYSTEM","SYSTEM","1"
"PRVCSTDIPCORERIPCSTM","CostiDipendenteBP","M","2006","NULL","SYSTEM","SYSTEM","1"
"AMMFATTURTABRCTGRINV","CRUDCategoriaGruppoInventBP","V","NULL","NULL","SYSTEM","SYSTEM","1"
"AMMFATTURTABRCTGRINM","CRUDCategoriaGruppoInventBP","M","NULL","NULL","SYSTEM","SYSTEM","1"
"CFGANAGCFCOREANAGSOV","CRUDAnagraficaStrutturaCNRBP","V","NULL","NULL","SYSTEM","SYSTEM","1"
"PRVVARBILCOREVARBILM","CRUDVarBilancioBP","M","NULL","NULL","SYSTEM","SYSTEM","1"
"PRVVARBILCOREVARBILV","CRUDVarBilancioBP","V","NULL","NULL","SYSTEM","SYSTEM","1"
"PRVVARBILTABRCAUVBIM","CRUDCausaleVarBilancioBP","M","NULL","NULL","SYSTEM","SYSTEM","1"
"PRVVARBILTABRCAUVBIV","CRUDCausaleVarBilancioBP","V","NULL","NULL","SYSTEM","SYSTEM","1"
"CFGANAGCFCOREAMMICFM","CRUDAnagraficaPersonaBP","M","NULL","NULL","SYSTEM","SYSTEM","1"
"CFGANAGCFCOREAMMICFV","CRUDAnagraficaPersonaBP","V","NULL","NULL","SYSTEM","SYSTEM","1"
"CFGPRINTCCORERECODAM","PrintSpoolerBP","NULL","NULL","NULL","SYSTEM","SYSTEM","1"
"AMMFATTURTABRNATTRAM","CRUDNaturaTransazioneBP","M","NULL","NULL","SYSTEM","SYSTEM","1"
"AMMFATTURTABRNOMCOMV","CRUDNomenclaturaCombinataBP","V","NULL","NULL","SYSTEM","SYSTEM","1"
"DOCINTCASCOREINVCASM","ListaDistinteEmesseBP","M","NULL","2015","SYSTEM","SYSTEM","1"
"AMMCOEPCNCORESCRLIBV","CRUDScritturaPDoppiaBP","V","NULL","NULL","SYSTEM","SYSTEM","1"
"AMMCOEPCNCORESCRLIBM","CRUDScritturaPDoppiaBP","M","NULL","NULL","SYSTEM","SYSTEM","1"
"AMMCOEPCNASSCASSANCV","CRUDAssAnagContoBP","V","NULL","NULL","SYSTEM","SYSTEM","1"
"AMMCOEPCNASSCASSANCM","CRUDAssAnagContoBP","M","NULL","NULL","SYSTEM","SYSTEM","1"
"AMMCOEPCNCOREMASCOGV","RicercaMastriCogeBP","V","NULL","NULL","SYSTEM","SYSTEM","1"
"AMMCOEPCNCOREMOVCOGV","RicercaMovContCogeBP","V","NULL","NULL","SYSTEM","SYSTEM","1"
"DOCINTCASCOREDISCASM","CRUDDistintaCassiereBP","M","NULL","NULL","SYSTEM","SYSTEM","1"
"DOCINTCASCOREDISCASV","CRUDDistintaCassiereBP","V","NULL","NULL","SYSTEM","SYSTEM","1"
"AMMFATTURTABRNATTRAV","CRUDNaturaTransazioneBP","V","NULL","NULL","SYSTEM","SYSTEM","1"
"AMMFATTURTABRNOMCOMM","CRUDNomenclaturaCombinataBP","M","NULL","NULL","SYSTEM","SYSTEM","1"
"AMMFATTURTABRMODTRAM","CRUDModalitaTrasportoBP","M","NULL","NULL","SYSTEM","SYSTEM","1"
"AMMFATTURTABRMODTRAV","CRUDModalitaTrasportoBP","V","NULL","NULL","SYSTEM","SYSTEM","1"
"AMMFATTURTABRCNDCONM","CRUDCondizioneConsegnaBP","M","NULL","NULL","SYSTEM","SYSTEM","1"
"AMMFATTURTABRCNDCONV","CRUDCondizioneConsegnaBP","V","NULL","NULL","SYSTEM","SYSTEM","1"
"AMMINVENTCOREGESTBEV","CRUDInventarioBeniBP","V","NULL","NULL","SYSTEM","SYSTEM","1"
"AMMINVENTCOREGESTBEM","CRUDInventarioBeniBP","M","NULL","NULL","SYSTEM","SYSTEM","1"
"AMMINVENTCORECARINVV","CRUDCaricoInventarioBP","V","NULL","NULL","SYSTEM","SYSTEM","1"
"AMMCOMPENTABRDETLAVM","CRUDDetrazioniLavoroBP","M","NULL","NULL","SYSTEM","SYSTEM","1"
"DOCMANDATTABRTIBOLLV","CRUDTipoBolloBP","V","NULL","NULL","SYSTEM","SYSTEM","1"
"DOCMANDATTABRTIBOLLM","CRUDTipoBolloBP","M","NULL","NULL","SYSTEM","SYSTEM","1"
"AMMINVENTTABRINVEACV","CRUDInventarioApChBP","V","NULL","NULL","SYSTEM","SYSTEM","1"
"AMMINVENTTABRINVEACM","CRUDInventarioApChBP","M","NULL","NULL","SYSTEM","SYSTEM","1"
"AMMINVENTTABRINVCONV","CRUDInventarioConsegnatarioBP","V","NULL","NULL","SYSTEM","SYSTEM","1"
"AMMINVENTTABRINVCONM","CRUDInventarioConsegnatarioBP","M","NULL","NULL","SYSTEM","SYSTEM","1"
"DOCOBBLIGCOREIMPPIGV","CRUDImpegnoPGiroBP","V","NULL","NULL","SYSTEM","SYSTEM","1"
"DOCOBBLIGCOREIMPPIGM","CRUDImpegnoPGiroBP","M","NULL","NULL","SYSTEM","SYSTEM","1"
"DOCACCERTCOREACCPGIM","CRUDAccertamentoPGiroBP","M","NULL","NULL","SYSTEM","SYSTEM","1"
"AMMINVENTTABRTIMOVIM","CRUDTipoCaricoScaricoBP","M","NULL","NULL","SYSTEM","SYSTEM","1"
"AMMINVENTTABRTIMOVIV","CRUDTipoCaricoScaricoBP","V","NULL","NULL","SYSTEM","SYSTEM","1"
"AMMFATTURTABRMODINCV","CRUDModalitaIncassoBP","V","NULL","NULL","SYSTEM","SYSTEM","1"
"AMMFATTURTABRMODEROM","CRUDModalitaErogazioneBP","M","NULL","NULL","SYSTEM","SYSTEM","1"
"DOCREVERSCOREREVERSV","CRUDReversaleBP","V","NULL","NULL","SYSTEM","SYSTEM","1"
"DOCREVERSCOREREVERSM","CRUDReversaleBP","M","2010","NULL","SYSTEM","SYSTEM","1"
"AMMFATTURTABRMODEROV","CRUDModalitaErogazioneBP","V","NULL","NULL","SYSTEM","SYSTEM","1"
"AMMFATTURTABRCPAM","CRUDCodiciCpaBP","M","NULL","NULL","SYSTEM","SYSTEM","1"
"AMMFATTURTABRCPAV","CRUDCodiciCpaBP","V","NULL","NULL","SYSTEM","SYSTEM","1"
"DOCMANDATCOREACCRE0M","CRUDMandatoAccreditamentoBP","M","NULL","2015","SYSTEM","SYSTEM","1"
"DOCMANDATCOREACCRE0M","SituazioneCdSBP","M","NULL","2015","SYSTEM","SYSTEM","1"
"AMMFATTURDOCSFATPASM","RicercaObbligazioniBP","M","NULL","NULL","SYSTEM","SYSTEM","1"
"AMMFATTURDOCSFATPASM","RicercaAccertamentiBP","M","NULL","NULL","SYSTEM","SYSTEM","1"
"AMMFDECONCOREFDECONV","FondoEconomaleBP","V","NULL","NULL","SYSTEM","SYSTEM","1"
"AMMFDECONCOREFDECONM","FondoEconomaleBP","M","NULL","NULL","SYSTEM","SYSTEM","1"
"DOCOBBLIGTABRTPCONSV","CRUDTipoConsegnaBP","V","NULL","NULL","SYSTEM","SYSTEM","1"
"DOCOBBLIGTABRTPCONSM","CRUDTipoConsegnaBP","M","NULL","NULL","SYSTEM","SYSTEM","1"
"DOCREVERSCOREREVPRVM","ListaReversaliBP","M","NULL","NULL","SYSTEM","SYSTEM","1"
"AMMMISSIOCOREMISSIOV","CRUDMissioneBP","V","NULL","NULL","SYSTEM","SYSTEM","1"
"INCARICHIESTRAZFP","CRUDIncarichiEstrazioneFpBP","M","2009","NULL","SYSTEM","SYSTEM","1"
"CONSESTRINCARICHI","ConsIncarichiEstrazioneFpBP","M","2009","NULL","SYSTEM","SYSTEM","1"
"AMMMISSIOCOREMISSIOM","CRUDMissioneBP","M","2014","NULL","SYSTEM","SYSTEM","1"
"AMMFDECONCOREFDECONM","FondoSpesaBP","M","NULL","NULL","SYSTEM","SYSTEM","1"
"AMMFDECONCOREFDECONM","RicercaSpeseBP","M","NULL","NULL","SYSTEM","SYSTEM","1"
"AMMCOMPENCORECOMPENV","CRUDCompensoBP","V","NULL","NULL","SYSTEM","SYSTEM","1"
"AMMCOMPENCORECOMPENM","CRUDCompensoBP","M","2014","NULL","SYSTEM","SYSTEM","1"
"AMMFATTURDOCSNTCRDAV","CRUDNotaDiCreditoAttivaBP","V","NULL","NULL","SYSTEM","SYSTEM","1"
"AMMFATTURDOCSNTDBTAV","CRUDNotaDiDebitoAttivaBP","V","NULL","NULL","SYSTEM","SYSTEM","1"
"AMMFDECONCOREFDECONM","RicercaObbScadBP","M","NULL","NULL","SYSTEM","SYSTEM","1"
"AMMFDECONCOREFDECONM","AssociaSpeseObbligazioneBP","M","NULL","NULL","SYSTEM","SYSTEM","1"
"AMMCOMPENTABRASTRTTV","CRUDAssTipoRapportoTipoTrattamentoBP","V","NULL","NULL","SYSTEM","SYSTEM","1"
"AMMCOMPENTABRASTRTTM","CRUDAssTipoRapportoTipoTrattamentoBP","M","NULL","NULL","SYSTEM","SYSTEM","1"
"AMMCOMPENTABRTITRATM","CRUDTipoTrattamentoBP","M","2002","2002","SYSTEM","SYSTEM","1"
"AMMCOMPENTABRTITRATV","CRUDTipoTrattamentoBP","V","NULL","NULL","SYSTEM","SYSTEM","1"
"AMMINVENTCORECARINVM","AssBeneFatturaBP","M","NULL","NULL","SYSTEM","SYSTEM","1"
"AMMFATTURDOCSLDCAMMM","ListaDocumentiAmministrativiBP","M","NULL","NULL","SYSTEM","SYSTEM","1"
"AMMINVENTTABRTIAMMOV","CRUDTipoAmmortamentoBP","V","NULL","NULL","SYSTEM","SYSTEM","1"
"AMMINVENTTABRTIAMMOM","CRUDTipoAmmortamentoBP","M","NULL","NULL","SYSTEM","SYSTEM","1"
"AMMCOMPENTABRTRCORIM","CRUDTrattamentoCORIBP","M","NULL","NULL","SYSTEM","SYSTEM","1"
"AMMCOMPENTABRTRCORIV","CRUDTrattamentoCORIBP","V","NULL","NULL","SYSTEM","SYSTEM","1"
"CFGBATCHLCOREBATCHLM","CRUDTestataLogBP","M","NULL","NULL","SYSTEM","SYSTEM","1"
"CFGPARAMETRICNRV","CRUDConfigParametriCnrBP","V","NULL","NULL","SYSTEM","SYSTEM","1"
"CFGBATCHLCOREBATCHLV","CRUDTestataLogBP","V","NULL","NULL","SYSTEM","SYSTEM","1"
"AMMINVENTCOREASINBNM","AssBeneFatturaBP","M","NULL","NULL","SYSTEM","SYSTEM","1"
"AMMFDECONCORESPECONV","RicercaEconomaleBP","V","NULL","NULL","SYSTEM","SYSTEM","1"
"AMMFDECONCORESPECONM","RicercaEconomaleBP","M","NULL","NULL","SYSTEM","SYSTEM","1"
"AMMFDECONCORESPECONM","RicercaSpeseBP","M","NULL","NULL","SYSTEM","SYSTEM","1"
"AMMCOMPENTABRTIRISCV","CRUDTipologiaRischioBP","V","NULL","NULL","SYSTEM","SYSTEM","1"
"AMMCOMPENTABRTIRISCM","CRUDTipologiaRischioBP","M","NULL","NULL","SYSTEM","SYSTEM","1"
"AMMFATTURDOCSNOTCRDV","CRUDNotaDiCreditoBP","V","NULL","NULL","SYSTEM","SYSTEM","1"
"AMMINVENTTABRCONBENM","CRUDCondizioneBeneBP","M","NULL","NULL","SYSTEM","SYSTEM","1"
"AMMMISSIOTABRDIARIAV","CRUDMissioneDiariaBP","V","NULL","NULL","SYSTEM","SYSTEM","1"
"AMMCOMPENTABRDETLAVV","CRUDDetrazioniLavoroBP","V","NULL","NULL","SYSTEM","SYSTEM","1"
"DOCACCERTCOREACCPGIV","CRUDAccertamentoPGiroBP","V","NULL","NULL","SYSTEM","SYSTEM","1"
"CNSPDGINGCOREEANAACM","StampaAnaliticaEntrateLdaBP","M","NULL","2005","SYSTEM","SYSTEM","1"
"CNSPDGINGCOREESINACM","StampaSinteticaEntrateLdaBP","M","NULL","2005","SYSTEM","SYSTEM","1"
"AMMINVENTCORECARINVM","CRUDCaricoInventarioBP","M","NULL","NULL","SYSTEM","SYSTEM","1"
"AMMCOANCPCORESCRANAV","CRUDScritturaAnaliticaBP","V","NULL","NULL","SYSTEM","SYSTEM","1"
"AMMCOANCPCORESCRANAM","CRUDScritturaAnaliticaBP","M","NULL","NULL","SYSTEM","SYSTEM","1"
"AMMCOANCPCOREMASCOGV","RicercaMastriCoanBP","V","NULL","NULL","SYSTEM","SYSTEM","1"
"AMMCOANCPCOREMOVCOGV","RicercaMovContCoanBP","V","NULL","NULL","SYSTEM","SYSTEM","1"
"AMMMISSIOCOREANTICIM","CRUDAnticipoBP","M","NULL","NULL","SYSTEM","SYSTEM","1"
"AMMMISSIOCOREANTICIV","CRUDAnticipoBP","V","NULL","NULL","SYSTEM","SYSTEM","1"
"DOCMANDATCOREREGOLAV","CRUDMandatoRegolarizzazioneBP","V","NULL","NULL","SYSTEM","SYSTEM","1"
"DOCMANDATCOREREGOLAM","CRUDMandatoRegolarizzazioneBP","M","2010","NULL","SYSTEM","SYSTEM","1"
"CFGBATCHLCOREBATCHLM","BatchControlBP","M","NULL","NULL","SYSTEM","SYSTEM","1"
"CFGBATCHLCOREBATCHLV","BatchControlBP","V","NULL","NULL","SYSTEM","SYSTEM","1"
"CFGBATCHLCOREBATCHLM","CRUDBatchControlBP","M","NULL","NULL","SYSTEM","SYSTEM","1"
"CFGBATCHLCOREBATCHLV","CRUDBatchControlBP","V","NULL","NULL","SYSTEM","SYSTEM","1"
"AMMCOMPENCORELICORIM","CRUDLiquidazioneCORIBP","M","NULL","NULL","SYSTEM","SYSTEM","1"
"AMMCOMPENCORELICORIV","CRUDLiquidazioneCORIBP","V","NULL","NULL","SYSTEM","SYSTEM","1"
"DOCINTCASCORESOSRISV","CRUDSospesoBP","V","NULL","NULL","SYSTEM","SYSTEM","1"
"DOCINTCASCORESOSRISM","CRUDSospesoBP","M","NULL","NULL","SYSTEM","SYSTEM","1"
"AMMDOCPRODOCSDOCPROM","DocumentiAmministrativiProtocollabiliBP","M","NULL","NULL","SYSTEM","SYSTEM","1"
"AMMDOCPRODOCSDOCPROV","DocumentiAmministrativiProtocollabiliBP","V","NULL","NULL","SYSTEM","SYSTEM","1"
"AMMREGIVACORESTPRRGM","StampaProvvisoriaRegistriIvaBP","M","NULL","NULL","SYSTEM","SYSTEM","1"
"AMMREGIVACORESTDFRGM","StampaDefinitivaRegistriIvaBP","M","NULL","NULL","SYSTEM","SYSTEM","1"
"PRVPDGESTCORESTSTPGV","PdgStampaStatoBP","V","2002","2002","SYSTEM","SYSTEM","1"
"AMMMINCARCOREMINCARM","CRUDMinicarrieraBP","M","2015","NULL","SYSTEM","SYSTEM","1"
"AMMMINCARCOREMINCARV","CRUDMinicarrieraBP","V","NULL","NULL","SYSTEM","SYSTEM","1"
"AMMRIEIVACORERIEDFNM","RiepilogativiDefinitiviIvaBP","M","NULL","NULL","SYSTEM","SYSTEM","1"
"AMMRIEIVACORERIEPRVM","RiepilogativiProvvisoriIvaBP","M","NULL","NULL","SYSTEM","SYSTEM","1"
"AMMCOMPENCORIF24EPM","LiquidazioneCoriF24EPBP","M","2011","NULL","SYSTEM","SYSTEM","1"
"AMMLIQIVACORELIQPRVM","LiquidazioneProvvisoriaIvaBP","M","NULL","NULL","SYSTEM","SYSTEM","1"
"AMMLIQIVACORELIQDEFM","LiquidazioneDefinitivaIvaBP","M","NULL","NULL","SYSTEM","SYSTEM","1"
"AMMGESREGCOREGESREGM","GestioneRegistriIvaBP","M","NULL","NULL","SYSTEM","SYSTEM","1"
"AMMCONGUACORECONGUAM","CRUDConguaglioBP","M","2015","NULL","SYSTEM","SYSTEM","1"
"AMMCONGUACORECONGUAV","CRUDConguaglioBP","V","NULL","NULL","SYSTEM","SYSTEM","1"
"CFGANAGCFCOREATERCFM","CRUDTerzoBP","M","NULL","NULL","SYSTEM","SYSTEM","1"
"CFGANAGCFCOREATERCFV","CRUDTerzoBP","V","NULL","NULL","SYSTEM","SYSTEM","1"
"AMMRIEIVACORERIESDFM","RiepilogoIvaEsigibilitaDifferitaBP","M","NULL","NULL","SYSTEM","SYSTEM","1"
"CFGGESMSGCOREGESMSGV","CRUDMessaggioBP","V","NULL","NULL","SYSTEM","SYSTEM","1"
"CFGGESMSGCOREGESMSGM","CRUDMessaggioBP","M","NULL","NULL","SYSTEM","SYSTEM","1"
"PRVPDGESTCORESTDCPGV","DocumentoPdGBP","V","NULL","NULL","SYSTEM","SYSTEM","1"
"PRVPDGINGCORECSTDIPM","CRUDCostiStipendialiMensiliBP","M","NULL","2005","SYSTEM","SYSTEM","1"
"PRVPDGINGCORECSTDIPV","CRUDCostiStipendialiMensiliBP","V","NULL","2005","SYSTEM","SYSTEM","1"
"PRVPDGINGCORERIPCSTM","CostiStipendialiMensiliBP","M","2009","NULL","SYSTEM","SYSTEM","1"
"PRVPDGINGCORERIPCSTV","CostiStipendialiMensiliBP","V","2009","NULL","SYSTEM","SYSTEM","1"
"PRVBIPREVCORERESPREM","CRUDResiduiPresuntiBP","M","NULL","2006","SYSTEM","SYSTEM","1"
"PRVBIPREVCORERESPREV","CRUDResiduiPresuntiBP","V","NULL","2006","SYSTEM","SYSTEM","1"
"DOCSTIPENCORELIQUIDM","ContabilizzazioneFlussoStipendialeMensileBP","M","NULL","NULL","SYSTEM","SYSTEM","1"
"DOCSTIPENCORELIQUIDV","ContabilizzazioneFlussoStipendialeMensileBP","V","NULL","NULL","SYSTEM","SYSTEM","1"
"CFGANAGCFTABRABICABM","CRUDAbiCabBP","M","NULL","NULL","SYSTEM","SYSTEM","1"
"CFGANAGCFTABRABICABV","CRUDAbiCabBP","V","NULL","NULL","SYSTEM","SYSTEM","1"
"CFGANAGCFTABRTERNAZM","CRUDNazioneBP","M","NULL","NULL","SYSTEM","SYSTEM","1"
"CFGANAGCFTABRTERNAZV","CRUDNazioneBP","V","NULL","NULL","SYSTEM","SYSTEM","1"
"CFGANAGCFTABRTERCAPM","CRUDCapBP","M","NULL","NULL","SYSTEM","SYSTEM","1"
"CFGANAGCFTABRTERCAPV","CRUDCapBP","V","NULL","NULL","SYSTEM","SYSTEM","1"
"CFGANAGCFTABRTERCOMV","CRUDComuneItalianoBP","V","NULL","NULL","SYSTEM","SYSTEM","1"
"CFGANAGCFTABRTERCOMM","CRUDComuneItalianoBP","M","NULL","NULL","SYSTEM","SYSTEM","1"
"CFGANAGCFCOREDELBANM","CRUDTerzoBP","M","NULL","NULL","SYSTEM","SYSTEM","1"
"DOCMANDATCOREMANREVM","CRUDAssManualeMandatoReversaleBP","M","2010","NULL","SYSTEM","SYSTEM","1"
"DOCMANDATCOREMANREVV","CRUDAssManualeMandatoReversaleBP","V","NULL","NULL","SYSTEM","SYSTEM","1"
"AMMRISTAMDOCSRISTAMM","DocumentiAmministrativiRistampabiliBP","M","NULL","NULL","SYSTEM","SYSTEM","1"
"AMMRIEIVACORERIEENTM","RiepilogativiIvaCentroBP","M","NULL","NULL","SYSTEM","SYSTEM","1"
"DOCACCERTCOREACCRESM","CRUDAccertamentoResiduoBP","M","2010","NULL","SYSTEM","SYSTEM","1"
"DOCACCERTCOREACCRESV","CRUDAccertamentoResiduoBP","V","NULL","NULL","SYSTEM","SYSTEM","1"
"AMMMISSIOTABRTIPMISV","CRUDTipoMissioneBP","V","NULL","NULL","SYSTEM","SYSTEM","1"
"AMMMISSIOTABRTIPMISM","CRUDTipoMissioneBP","M","NULL","NULL","SYSTEM","SYSTEM","1"
"CFGPDCFINCORESTMSPEM","StampaPdcFinSpeseBP","M","NULL","2009","SYSTEM","SYSTEM","1"
"CFGPDCFINCORESTMENTM","StampaPdcFinEntrateBP","M","NULL","2009","SYSTEM","SYSTEM","1"
"CFGPDCECPCORESTMECOM","StampaPdcEconomicoBP","M","NULL","NULL","SYSTEM","SYSTEM","1"
"DOCMANDATCORESTMMANM","StampaGiornaleMandatiBP","M","NULL","NULL","SYSTEM","SYSTEM","1"
"AMMMINCARCORELIQUMCM","CRUDLiquidazioneRateMinicarrieraBP","M","NULL","NULL","SYSTEM","SYSTEM","1"
"DOCOBBLIGCOREANNTROM","CRUDImpegnoPGiroTroncoBP","M","NULL","NULL","SYSTEM","SYSTEM","1"
"DOCOBBLIGCOREANNTROV","CRUDImpegnoPGiroTroncoBP","V","NULL","NULL","SYSTEM","SYSTEM","1"
"DOCACCERTCOREANNTROM","CRUDAccertamentoPGiroTroncoBP","M","NULL","NULL","SYSTEM","SYSTEM","1"
"DOCACCERTCOREANNTROV","CRUDAccertamentoPGiroTroncoBP","V","NULL","NULL","SYSTEM","SYSTEM","1"
"AMMRIEENTCOREPRVENTM","RiepilogativiIvaCentroProvvisorioBP","M","NULL","NULL","SYSTEM","SYSTEM","1"
"AMMRIEENTCOREDEFENTM","RiepilogativiIvaCentroDefinitivoBP","M","NULL","NULL","SYSTEM","SYSTEM","1"
"DOCOBBLIGCORESTROBBM","StampaRegistroObbligazioniBP","M","NULL","NULL","SYSTEM","SYSTEM","1"
"DOCOBBLIGCORESTSCADM","StampaScadenzarioObbligazioniBP","M","NULL","NULL","SYSTEM","SYSTEM","1"
"AMMLIQIVACORELIQMASM","LiquidazioneMassaIvaBP","M","NULL","NULL","SYSTEM","SYSTEM","1"
"AMMRIEIVACOREESDIFPM","RiepilogoIvaEsigibilitaDifferitaProvvisoriaBP","M","NULL","NULL","SYSTEM","SYSTEM","1"
"AMMRIEIVACOREESDIFDM","RiepilogoIvaEsigibilitaDifferitaDefinitivaBP","M","NULL","NULL","SYSTEM","SYSTEM","1"
"DOCMANDATCORESTMASMM","StampaVpgMandatoBP","M","NULL","NULL","SYSTEM","SYSTEM","1"
"AMMMISSIOCORESTVPGMM","StampaVpgMissioneBP","M","NULL","NULL","SYSTEM","SYSTEM","1"
"DOCMANDATCORESTMASRM","StampaVpgReversaleBP","M","NULL","NULL","SYSTEM","SYSTEM","1"
"AMMFDECONCORESTVPGFM","StampaVpgFondoEconomaleBP","M","NULL","NULL","SYSTEM","SYSTEM","1"
"DOCINTCASCORESOSCNRM","ListaSospesiCNRBP","M","NULL","NULL","SYSTEM","SYSTEM","1"
"AMMDOCGENDOCSSTVPGGM","StampaVpgDocGenericoBP","M","NULL","NULL","SYSTEM","SYSTEM","1"
"AMMMINCARCORESTPCOMM","StampaPartitarioCompensiBP","M","NULL","NULL","SYSTEM","SYSTEM","1"
"DOCINTCASCORESOSCDSV","ListaSospesiCNRPerCdsBP","V","NULL","NULL","SYSTEM","SYSTEM","1"
"DOCMANDATCORESAVPAGM","StampaAvvisoPagamentoMandatoBP","M","NULL","NULL","SYSTEM","SYSTEM","1"
"AMMLIQIVACORECHIMENM","VisualizzaLiquidazioneDefinitivaIvaBP","M","NULL","NULL","SYSTEM","SYSTEM","1"
"DOCREVERSCORESTGREVM","StampaGiornaleReversaliBP","M","NULL","NULL","SYSTEM","SYSTEM","1"
"DOCACCERTCORESTRACCM","StampaRegistroAccertamentiBP","M","NULL","NULL","SYSTEM","SYSTEM","1"
"DOCACCERTCORESANCDSM","StampaRegistroAnnotazioneEntratePGiroCDSBP","M","NULL","NULL","SYSTEM","SYSTEM","1"
"DOCACCERTCORESANCNRM","StampaRegistroAnnotazioneEntratePGiroCNRBP","M","NULL","NULL","SYSTEM","SYSTEM","1"
"DOCOBBLIGCORESANCDSM","StampaRegistroAnnotazioneSpesePGiroCDSBP","M","NULL","NULL","SYSTEM","SYSTEM","1"
"DOCOBBLIGCORESANCNRM","StampaRegistroAnnotazioneSpesePGiroCNRBP","M","NULL","NULL","SYSTEM","SYSTEM","1"
"CFGANAGCFCORESPRDIPM","StampaPrevidenzialeDipendentiBP","M","NULL","NULL","SYSTEM","SYSTEM","1"
"DOCINTCASCORECAFILEM","CaricaFileCassiereBP","M","NULL","NULL","SYSTEM","SYSTEM","1"
"CNSPDGINGCORESANAACM","StampaAnaliticaSpeseLdaBP","M","NULL","2005","SYSTEM","SYSTEM","1"
"CNSPDGINGCORESSINACM","StampaSinteticaSpeseLdaBP","M","NULL","2005","SYSTEM","SYSTEM","1"
"DOCMANDATCORESTPAGEM","StampaSituazionePagamentiEsteroBP","M","NULL","NULL","SYSTEM","SYSTEM","1"
"DOCOBBLIGCORESTMORDM","StampaOrdineBP","M","NULL","NULL","SYSTEM","SYSTEM","1"
"CFGANAGCFCORESIMDIPM","StampaImponibiliDipendentiBP","M","NULL","NULL","SYSTEM","SYSTEM","1"
"DOCACCERTCORESTSCADM","StampaScadenzarioAccertamentiBP","M","NULL","NULL","SYSTEM","SYSTEM","1"
"CFGGESFESCOREGESFESV","CRUDBframeBlobBP","V","NULL","NULL","SYSTEM","SYSTEM","1"
"RIPGESRIPCOREANNMASM","AnnullamentoBP","M","NULL","2010","SYSTEM","SYSTEM","1"
"RIPGESRIPCORERIPSUCM","RiportoEsSuccessivoBP","M","NULL","NULL","SYSTEM","SYSTEM","1"
"RIPGESRIPCOREREVSUCM","RiportoEvolutoEsSuccessivoBP","M","NULL","NULL","SYSTEM","SYSTEM","1"
"RIPGESRIPCORERIPPREM","RiportoEsPrecedenteBP","M","NULL","NULL","SYSTEM","SYSTEM","1"
"DOCOBBLIGCOREIMPRESM","CRUDImpegnoResiduoBP","M","NULL","NULL","SYSTEM","SYSTEM","1"
"DOCOBBLIGCOREIMPRESV","CRUDImpegnoResiduoBP","M","NULL","NULL","SYSTEM","SYSTEM","1"
"DOCOBBLIGCOREANSPREM","CRUDImpegnoPGiroResiduoBP","M","NULL","NULL","SYSTEM","SYSTEM","1"
"DOCOBBLIGCOREANSPREV","CRUDImpegnoPGiroResiduoBP","M","NULL","NULL","SYSTEM","SYSTEM","1"
"DOCACCERTCOREANENREM","CRUDAccertamentoPGiroResiduoBP","M","NULL","NULL","SYSTEM","SYSTEM","1"
"DOCACCERTCOREANENREV","CRUDAccertamentoPGiroResiduoBP","M","NULL","NULL","SYSTEM","SYSTEM","1"
"DOCINTCASCORESTMRISM","StampaRiscontriBP","M","NULL","NULL","SYSTEM","SYSTEM","1"
"DOCINTCASCORESTMSOSM","StampaSospesiBP","M","NULL","NULL","SYSTEM","SYSTEM","1"
"DOCINTCASCORESSOREVM","StampaSospesiCNRAssocRevBP","M","NULL","NULL","SYSTEM","SYSTEM","1"
"DOCINTCASCORESSOCDSM","StampaSospesiCNRAssocCdsBP","M","NULL","NULL","SYSTEM","SYSTEM","1"
"DOCINTCASCOREPRFILEM","ProcessaFileCassiereBP","M","NULL","NULL","SYSTEM","SYSTEM","1"
"AMMFATTURTABRMODINCM","CRUDModalitaIncassoBP","M","NULL","NULL","SYSTEM","SYSTEM","1"
"XXXATTIVITAXXX","CRUDAttivitaSiglaBP","M","NULL","NULL","SYSTEM","SYSTEM","1"
"CFGSTRORGCOREUNIORGM","CRUDConfigUnitaOrgBP","M","NULL","NULL","SYSTEM","SYSTEM","1"
"CFGSTRORGCOREUNIORGV","CRUDConfigUnitaOrgBP","V","NULL","NULL","SYSTEM","SYSTEM","1"
"CFGSTRORGTABRTIPCDSM","CRUDConfigTipoUnitaOrgBP","M","NULL","NULL","SYSTEM","SYSTEM","1"
"CFGSTRORGTABRTIPCDSV","CRUDConfigTipoUnitaOrgBP","V","NULL","NULL","SYSTEM","SYSTEM","1"
"CFGUTENZECOREACCRUOM","CRUDConfigRuoloBP","M","NULL","NULL","SYSTEM","SYSTEM","1"
"CFGUTENZECOREACCRUOV","CRUDConfigRuoloBP","V","NULL","NULL","SYSTEM","SYSTEM","1"
"CFGLINATTTABRINSLATV","CRUDInsieme_laBP","V","NULL","NULL","SYSTEM","SYSTEM","1"
"CFGLINATTTABRINSLATM","CRUDInsieme_laBP","M","NULL","NULL","SYSTEM","SYSTEM","1"
"CONSASSCOMPDT","ConsAssCompPerDataBP","NULL","NULL","NULL","SYSTEM","SYSTEM","1"
"DOCCONVARACRPRO","CRUDAccertamentoModificaBP","M","NULL","NULL","SYSTEM","SYSTEM","1"
"DOCCONVARACRPROV","CRUDAccertamentoModificaBP","V","NULL","NULL","SYSTEM","SYSTEM","1"
"DOCCONCOMPRESVOCENT","ConsDispCompResEntIstVoceBP","NULL","NULL","NULL","SYSTEM","SYSTEM","1"
"DOCCONCOMPRESCDRENT","ConsDispCompResEntIstCdrGaeBP","NULL","NULL","NULL","SYSTEM","SYSTEM","1"
"CFGBLTACCORDIM","CRUDBltAccordiBP","M","NULL","NULL","SYSTEM","SYSTEM","1"
"CFGBLTACCORDIV","CRUDBltAccordiBP","V","NULL","NULL","SYSTEM","SYSTEM","1"
"CFGBLTVISITEM","CRUDBltVisiteBP","M","NULL","NULL","SYSTEM","SYSTEM","1"
"CFGBLTVISITEV","CRUDBltVisiteBP","V","NULL","NULL","SYSTEM","SYSTEM","1"
"CFGCIGM","CRUDCodiciCIGBP","M","NULL","NULL","SYSTEM","SYSTEM","1"
"DOCCONMANCUPMAN","ConsCupMandatiBP","NULL","2011","NULL","SYSTEM","SYSTEM","1"
"DOCCONREVCUPREV","ConsCupReversaliBP","NULL","2011","NULL","SYSTEM","SYSTEM","1"
"CONSULTWPACCERT","ConsAccertamentiBP","V","NULL","NULL","SYSTEM","SYSTEM","1"
"CFGCONTRATTOCONS","ConsContrattiBP","NULL","NULL","NULL","SYSTEM","SYSTEM","1"
"CONSULTGAESTOSPE","ConsStoGaeObbBP","V","NULL","NULL","SYSTEM","SYSTEM","1"
"DOCINTCASCORECONFCAS","CRUDExtCassiereCdsBP","M","NULL","NULL","SYSTEM","SYSTEM","1"
"AMMFATTURPOLIM","ElaboraFilePoliBP","M","2013","NULL","SYSTEM","SYSTEM","1"
"CONSGAEREND","ConsGAERendBP","NULL","2013","NULL","SYSTEM","SYSTEM","1"
"AMMINVCONSINVRIC","ConsInventarioRicBP","NULL","NULL","NULL","SYSTEM","SYSTEM","1"
"DOCCONTCONFTOT","ConsConfrontoEntSpeTotBP","NULL","NULL","NULL","SYSTEM","SYSTEM","1"
"CONSVARCOMPRES","ConsVarCompResBP","NULL","NULL","NULL","SYSTEM","SYSTEM","1"
"AMMDOCFATTELETTV","DocumentiAmministrativiFatturazioneElettronicaBP","V","2014","NULL","SYSTEM","SYSTEM","1"
"AMMFATTURDOCSFATPASE","ElaboraNumUnicoFatturaPBP","NULL","2014","NULL","SYSTEM","SYSTEM","1"
"AMMFATTURDOCELEPASS","CRUDFatturaPassivaElettronicaBP","M","NULL","NULL","SYSTEM","SYSTEM","1"
"DOCINTCASCOREDISCASS","CRUDDistintaCassiereSBP","M","2016","NULL","SYSTEM","SYSTEM","1"
"DOCACCERTCOREACCRESA","CRUDAccertamentoResiduoAmministraBP","M","2010","NULL","SYSTEM","SYSTEM","1"
"CONSFATTPASSREST","ConsFatturaPassivaBP","V","NULL","NULL","SYSTEM","SYSTEM","1"
"CONSDETTOBBREST","ConsDettObbligazioniBP","V","NULL","NULL","SYSTEM","SYSTEM","1"
"CONSINVBENIREST","ConsInventarioBeniBP","V","NULL","NULL","SYSTEM","SYSTEM","1"
"CONSUBICBENIREST","ConsUbicazioneBeniBP","V","NULL","NULL","SYSTEM","SYSTEM","1"
"CONSMANDATOREST","ConsMandatoBP","V","NULL","NULL","SYSTEM","SYSTEM","1"
"CONSMANDATORIGAREST","ConsMandatoRigaBP","V","NULL","NULL","SYSTEM","SYSTEM","1"
"CONSGAECOMPREST","ConsGaeCompetenzaRestBP","V","NULL","NULL","SYSTEM","SYSTEM","1"
"CONSGAERESENTREST","ConsGaeResiduiEntrataRestBP","V","NULL","NULL","SYSTEM","SYSTEM","1"
"CONSGAERESSPEREST","ConsGaeResiduiSpesaRestBP","V","NULL","NULL","SYSTEM","SYSTEM","1"
"CONSTERZOREST","ConsTerzoRestBP","V","NULL","NULL","SYSTEM","SYSTEM","1"
"CONSINQUADRAREST","ConsInquadramentoRestBP","V","NULL","NULL","SYSTEM","SYSTEM","1"
"CONSACCERTAMENTIREST","ConsAccertamentiBP","V","NULL","NULL","SYSTEM","SYSTEM","1"
"CNSPDGINGPRGSINSPRG","StampaSituazioneSinteticaProgettoBP","M","2016","NULL","SYSTEM","SYSTEM","1"
"DOCINTCASCOREDISCASA","CRUDDistintaCassiereABP","M","2016","NULL","SYSTEM","SYSTEM","1"
"AMMCONSDOCAMMANAGMR","ConsDocammAnagFitBP","NULL","NULL","NULL","SYSTEM","SYSTEM","1"
"CNSRNDFINCOREDECGESM","StampaPdgRendicontoBP","M","2016","NULL","SYSTEM","SYSTEM","1"
"ORDRICHM","CRUDRichiestaUopBP","M","2016","NULL","SYSTEM","SYSTEM","1"
"ORDRICHV","CRUDRichiestaUopBP","V","2016","NULL","SYSTEM","SYSTEM","1"
"ORDAPPRICHV","CRUDApprovaRichiestaUopBP","V","2016","NULL","SYSTEM","SYSTEM","1"
"ORDORDACQM","CRUDOrdineAcqBP","M","2016","NULL","SYSTEM","SYSTEM","1"
"ORDORDACQV","CRUDOrdineAcqBP","V","2016","NULL","SYSTEM","SYSTEM","1"
"ORDGENORDRICM","GenerazioneOrdineDaRichiesteBP","R","2017","NULL","SYSTEM","SYSTEM","1"
"ORDEVAORDG","CRUDEvasioneOrdineBP","M","2017","NULL","SYSTEM","SYSTEM","1"
"CFGPROGERCORECOMOLDV","TestataProgettiRicercaOldBP","V","NULL","2015","SYSTEM","SYSTEM","1"
"CFGPROGERCOREPROOLDV","TestataProgettiRicercaNuovoBP","V","NULL","2015","SYSTEM","SYSTEM","1"
"CFGCIGV","CRUDCodiciCIGBP","V","NULL","NULL","SYSTEM","SYSTEM","1"
"CFGCONTRATTOMASTER","CRUDConfigAnagContrattoMasterBP","M","NULL","NULL","SYSTEM","SYSTEM","1"
"DOCINTCASCOREDISCASF","CRUDDistintaCassiereFBP","M","2013","NULL","SYSTEM","SYSTEM","1"
"CNSPDGINGURESESVOC","StampaUsciteResiduiXEsercizioVoceBP","NULL","NULL","NULL","SYSTEM","SYSTEM","1"
"CFGINCARASSBORSV","ConsIncarAssRicBorseStBP","NULL","2014","NULL","SYSTEM","SYSTEM","1"
"AMMFATTURDOCELEPASSV","CRUDFatturaPassivaElettronicaBP","V","2015","NULL","SYSTEM","SYSTEM","1"
"CFGPDCFINCOREVOCETRM","CRUDConfigPdcCNREntrateCapitoloBP","M","2016","NULL","SYSTEM","SYSTEM","1"
"CFGPDCFINCOREVOCETRV","CRUDConfigPdcCNREntrateCapitoloBP","V","2016","NULL","SYSTEM","SYSTEM","1"
"CFGPDCFINCOREVOCSPEM","CRUDConfigPdcCDSSpeseBP","M","2016","NULL","SYSTEM","SYSTEM","1"
"CFGPDCFINCOREVOCSPEV","CRUDConfigPdcCDSSpeseBP","V","2016","NULL","SYSTEM","SYSTEM","1"
"CFGLINATTTABPROGRAM","CRUDPdgProgrammaBP","M","2016","NULL","SYSTEM","SYSTEM","1"
"CFGLINATTTABPROGRAV","CRUDPdgProgrammaBP","V","2016","NULL","SYSTEM","SYSTEM","1"
"CFGLINATTTABMISSIOM","CRUDPdgMissioneBP","M","2016","NULL","SYSTEM","SYSTEM","1"
"CFGLINATTTABMISSIOV","CRUDPdgMissioneBP","V","2016","NULL","SYSTEM","SYSTEM","1"
"DOCINTCASFIRMAMANRE","FirmaDigitaleMandatiBP","M","2012","NULL","SYSTEM","SYSTEM","1"
"DOCINTCASFIRMAD1210","FirmaDigitaleDOC1210BP","M","2012","NULL","SYSTEM","SYSTEM","1"
"CFGGESTUTENZEFIRMM","CRUDUtenteFirmaBP","M","2007","NULL","SYSTEM","SYSTEM","1"
"CFGGESTUTENZEFIRMV","CRUDUtenteFirmaBP","V","2007","NULL","SYSTEM","SYSTEM","1"
"DOCINTCAS1210DISCASM","CRUDDistintaCassiere1210BP","M","2007","NULL","SYSTEM","SYSTEM","1"
"DOCINTCAS1210DISCASV","CRUDDistintaCassiere1210BP","V","2007","NULL","SYSTEM","SYSTEM","1"
"AMMRIEPCOMPV","ConsRiepilogoCompensiBP","NULL","2015","NULL","SYSTEM","SYSTEM","1"
"CONSFATTPASSBREREST","ConsultazioneDocAmmBrevettiBP","V","NULL","NULL","SYSTEM","SYSTEM","1"
"CONSFATTATTBREREST","ConsultazioneDocAmmAttiviBrevettiBP","V","NULL","NULL","SYSTEM","SYSTEM","1"
"CONSFATTPASSBREVREST","ConsFatturaPassivaRigaBrevettiBP","V","NULL","NULL","SYSTEM","SYSTEM","1"
"CONSFATTATTBREVREST","ConsFatturaAttivaRigaBrevettiBP","V","NULL","NULL","SYSTEM","SYSTEM","1"
"PRVPDGSTPBILANCIO","StampaPdgPBilancioBP","M","2017","NULL","SYSTEM","SYSTEM","1"
"CONSMISTIPOPASTOREST","MissioneTipoPastoBP","V","NULL","NULL","SYSTEM","SYSTEM","1"
"CONSMODPAGAMENTOREST","ConsModalitaPagamentoBP","V","NULL","NULL","SYSTEM","SYSTEM","1"
"PRVPDGVARIAZIONIV","PdGVariazioneBP","V","NULL","2005","SYSTEM","SYSTEM","1"
"CONSPDGPISTSPE","ConsPDGPIstSpeBP","NULL","2006","2015","SYSTEM","SYSTEM","1"
"CONSPDGPISTETR","ConsPDGPIstEtrBP","NULL","2006","2015","SYSTEM","SYSTEM","1"
"DOCOBBCOREOBBRESPROC","CRUDObbligazioneResCreazioneBP","M","2012","NULL","SYSTEM","SYSTEM","1"
"DOCSTIPENDIOBBLIGAM","StipendiCofiObbBP","M","NULL","NULL","SYSTEM","SYSTEM","1"
"DOCSTIPENDIOBBLIGAV","StipendiCofiObbBP","V","NULL","NULL","SYSTEM","SYSTEM","1"
"CNSRNDFINGESTDECIS","Stampa_rendiconto_finanziarioBP","NULL","NULL","NULL","SYSTEM","SYSTEM","1"
"AMMCOMPENTABRASCORSM","CRUDAssTipoContrRitenutaSiopeBP","M","NULL","NULL","SYSTEM","SYSTEM","1"
"AMMCOMPENTABRASCORSV","CRUDAssTipoContrRitenutaSiopeBP","V","NULL","NULL","SYSTEM","SYSTEM","1"
"CONSDOCCONMANRIS","ConsMandatiRiscontratiBP","NULL","NULL","NULL","SYSTEM","SYSTEM","1"
"CONSDOCCONREVRIS","ConsReversaliRiscontrateBP","NULL","NULL","NULL","SYSTEM","SYSTEM","1"
"CONSULTESTRAGLA","Estrazione_glaBP","NULL","NULL","2014","SYSTEM","SYSTEM","1"
"CFGCONTRATTOTIPOM","CRUDConfigTipoContrattoBP","M","NULL","NULL","SYSTEM","SYSTEM","1"
"CFGCONTRATTOTIPOV","CRUDConfigTipoContrattoBP","V","NULL","NULL","SYSTEM","SYSTEM","1"
"CFGCONTRATTOORGANOM","CRUDConfigOrganoBP","M","NULL","NULL","SYSTEM","SYSTEM","1"
"CFGCONTRATTOORGANOV","CRUDConfigOrganoBP","V","NULL","NULL","SYSTEM","SYSTEM","1"
"CFGCONTRATTOATTOM","CRUDConfigAttoAmministrativoBP","M","NULL","NULL","SYSTEM","SYSTEM","1"
"CFGCONTRATTOATTOV","CRUDConfigAttoAmministrativoBP","V","NULL","NULL","SYSTEM","SYSTEM","1"
"CFGCONTRATTOPROCAMMM","CRUDConfigProcedureAmministrativeBP","M","NULL","NULL","SYSTEM","SYSTEM","1"
"CFGCONTRATTOPROCAMMV","CRUDConfigProcedureAmministrativeBP","V","NULL","NULL","SYSTEM","SYSTEM","1"
"CFGCONTRATTOANAGM","CRUDConfigAnagContrattoBP","M","NULL","NULL","SYSTEM","SYSTEM","1"
"CFGCONTRATTOANAGV","CRUDConfigAnagContrattoBP","V","NULL","NULL","SYSTEM","SYSTEM","1"
"CNSSTAMPALIBGIO","StampaLibroGiornaleBP","M","NULL","NULL","SYSTEM","SYSTEM","1"
"CONSDOCAMMPARGIROCDS","ConsDocContPartiteGiroCdsBP","NULL","NULL","NULL","SYSTEM","SYSTEM","1"
"CONSDOCAMMPARGIROCNR","ConsDocContPartiteGiroCnrBP","NULL","NULL","NULL","SYSTEM","SYSTEM","1"
"CONSULTIMPPAGPERTIPO","ConsImpPagPerTipoBP","NULL","NULL","NULL","SYSTEM","SYSTEM","1"
"CONSULTTERZIDACONGUA","ConsTerziDaConguagliareBP","NULL","NULL","NULL","SYSTEM","SYSTEM","1"
"CONSPDGASSESAGGRSPE","ConsPDGAssestatoAggregatoSpeBP","NULL","NULL","2005","SYSTEM","SYSTEM","1"
"CONSPDGASSESAGGRETR","ConsPDGAssestatoAggregatoEtrBP","NULL","NULL","2005","SYSTEM","SYSTEM","1"
"AMMCOMPENLIQCORIMASM","LiquidazioneMassaCoriBP","M","NULL","NULL","SYSTEM","SYSTEM","1"
"CONSVARBILANCIO","ConsVarBilancioBP","NULL","NULL","NULL","SYSTEM","SYSTEM","1"
"CONSPDGGDIPFOSPE","ConsPDGGDipFoSpeBP","NULL","2006","NULL","SYSTEM","SYSTEM","1"
"CONSPDGGDIPFOETR","ConsPDGGDipFoEtrBP","NULL","2006","NULL","SYSTEM","SYSTEM","1"
"PRVTIPOVARIAZIONEM","CRUDTipoVariazioneBP","M","2006","NULL","SYSTEM","SYSTEM","1"
"PRVTIPOVARIAZIONEV","CRUDTipoVariazioneBP","V","2006","NULL","SYSTEM","SYSTEM","1"
"CONSULTPAGPERTIPOMAN","ConsPagPerTipoManBP","NULL","NULL","NULL","SYSTEM","SYSTEM","1"
"DOCOBBLSTMIMPXF","StampaSinteticaImpegnatoXFonteBP","NULL","NULL","NULL","SYSTEM","SYSTEM","1"
"DOCACCERTCONSSCADACC","ConsScadAccertamentiBP","NULL","NULL","NULL","SYSTEM","SYSTEM","1"
"CONSRICOSRESIDUI","ConsRicostruzioneResiduiBP","NULL","NULL","2004","SYSTEM","SYSTEM","1"
"AMMINVCONSIMPASS","ConsImpegniAssociazioniBP","NULL","NULL","NULL","SYSTEM","SYSTEM","1"
"CNSPDGINGCOREETES","StampaEntrateResiduiEsercizioBP","NULL","NULL","NULL","SYSTEM","SYSTEM","1"
"CNSPDGINGCOREUSES","StampaUsciteResiduiEsercizioBP","NULL","NULL","NULL","SYSTEM","SYSTEM","1"
"DOCCONTCONF","ConsConfrontoEntSpeBP","NULL","NULL","NULL","SYSTEM","SYSTEM","1"
"CNSPDGINGCOREURESVOC","StampaUsciteResiduiXVoceBP","NULL","NULL","NULL","SYSTEM","SYSTEM","1"
"AMMDOCFATTELETTVM","DocumentiAmministrativiFatturazioneElettronicaBP","M","2014","NULL","SYSTEM","SYSTEM","1"
"CONSPROGETTIREST","ConsProgettiBP","V","NULL","NULL","SYSTEM","SYSTEM","1"
"CONSGAEREST","ConsGAEBP","V","NULL","NULL","SYSTEM","SYSTEM","1"
"CONSIMPEGNIREST","ConsImpegnoBP","V","NULL","NULL","SYSTEM","SYSTEM","1"
"CONSIMPEGNIGAEREST","ConsImpegnoGAEBP","V","NULL","NULL","SYSTEM","SYSTEM","1"
"CONSCAPITOLIREST","ConsCapitoloBP","V","NULL","NULL","SYSTEM","SYSTEM","1"
"CFGPDCFINASSCPF0070M","CRUDConfigAssEvoldEvnewBP","M","2015","NULL","SYSTEM","SYSTEM","1"
"CFGPDCFINASSCPF0070V","CRUDConfigAssEvoldEvnewBP","V","2015","NULL","SYSTEM","SYSTEM","1"
"DOCINTCASCONSDIST","ConsDistinteTotBP","NULL","2016","NULL","SYSTEM","SYSTEM","1"
"CFGBORSESTUDIOPRCM","CRUDBorseStudioProceduraBP","M","2007","NULL","SYSTEM","SYSTEM","1"
"CFGBORSESTUDIOPRCV","CRUDBorseStudioProceduraBP","V","2007","NULL","SYSTEM","SYSTEM","1"
"CFGASSEGNIRICERCPRCM","CRUDAssegniRicercaProceduraBP","M","2007","NULL","SYSTEM","SYSTEM","1"
"CFGASSEGNIRICERCPRCV","CRUDAssegniRicercaProceduraBP","V","2007","NULL","SYSTEM","SYSTEM","1"
"AMMCONSDOCAMMATTIVI","ConsDocammAttiviBP","NULL","NULL","NULL","SYSTEM","SYSTEM","1"
"AMMFATTURDOCELEADMIN","CaricaFatturaElettronicaBP","M","NULL","NULL","SYSTEM","SYSTEM","1"
"CONSOBBLIGAZIONIREST","ConsObbligazioniBP","V","NULL","NULL","SYSTEM","SYSTEM","1"
"CFGPROGERCOREPROGERM","TestataProgettiRicercaNuovoBP","M","2016","NULL","SYSTEM","SYSTEM","1"
"CFGPROGERCOREPROGERT","TestataProgettiRicercaBP","M","2016","NULL","SYSTEM","SYSTEM","1"
"MAGBOLSCAGEN","BolleScaricoGenerate","V","2017","NULL","SYSTEM","SYSTEM","1"
"DOCOBBCOREOBBRESPROA","CRUDObbligazioneResAmministraBP","M","2017","NULL","SYSTEM","SYSTEM","1"
"CFGPROGERCOREVOCECOV","VocePianoEconomicoPrgBP","V","2017","NULL","SYSTEM","SYSTEM","1"
"CFGPROGERCOREVOCECOM","VocePianoEconomicoPrgBP","M","2017","NULL","SYSTEM","SYSTEM","1"
"CFGPDCEPPARLIVELLIM","CRUDConfigParametriLivelliEPBP","M","NULL","NULL","SYSTEM","SYSTEM","1"
"CFGPDCEPPARLIVELLIV","CRUDConfigParametriLivelliEPBP","V","NULL","NULL","SYSTEM","SYSTEM","1"
"CFGPDCEPCLASVOCPATM","ClassificazioneVociEPPatBP","M","NULL","NULL","SYSTEM","SYSTEM","1"
"CFGPDCEPCLASVOCPATV","ClassificazioneVociEPPatBP","V","NULL","NULL","SYSTEM","SYSTEM","1"
"CFGPDCEPCLASVOCECOM","ClassificazioneVociEPEcoBP","M","NULL","NULL","SYSTEM","SYSTEM","1"
"CFGPDCEPCLASVOCECOV","ClassificazioneVociEPEcoBP","V","NULL","NULL","SYSTEM","SYSTEM","1"
"ORDORDACQFIRV","CRUDFirmaOrdineAcqBP","V","2016","NULL","SYSTEM","SYSTEM","1"
"DOCMANDATOAUTOMATICG","MandatoAutomaticoWizardBP","M","2017","NULL","SYSTEM","SYSTEM","1"
"CONSTERZOCOMPREST","ConsTerzoPerCompensoBP","V","NULL","NULL","SYSTEM","SYSTEM","1"
"MAGSCARSCARICMANUALG","ScaricoManualeMagazzinoBP","M","2017","NULL","SYSTEM","SYSTEM","1"
"CFGUTENZECOREUADMINM","CRUDConfigUtenteAmministratoreBP","M","NULL","NULL","SYSTEM","SYSTEM","1"
"CFGUTENZECOREUADMINV","CRUDConfigUtenteAmministratoreBP","V","NULL","NULL","SYSTEM","SYSTEM","1"
"CFGUTENZECOREUCOMUNM","CRUDConfigUtenteComuneBP","M","NULL","NULL","SYSTEM","SYSTEM","1"
"CFGUTENZECOREUCOMUNM","CRUDConfigUtenteTemplateBP","M","NULL","NULL","SYSTEM","SYSTEM","1"
"CFGUTENZECOREUCOMUNV","CRUDConfigUtenteComuneBP","V","NULL","NULL","SYSTEM","SYSTEM","1"
"CFGUTENZECOREUCOMUNV","CRUDConfigUtenteTemplateBP","V","NULL","NULL","SYSTEM","SYSTEM","1"
"PRVPDGESTCOREPDGSPEM","CRUDCostiCaricatiBP","M","NULL","NULL","SYSTEM","SYSTEM","1"
"PRVPDGESTCOREPDGCORM","PdGPreventivoBP","M","NULL","2005","SYSTEM","SYSTEM","1"
"PRVPDGESTCOREPDGCORV","PdGPreventivoBP","V","NULL","2005","SYSTEM","SYSTEM","1"
"PRVPDGESTCOREPDGETRM","CRUDEtrDetPdGBP","M","NULL","NULL","SYSTEM","SYSTEM","1"
"PRVPDGESTCOREPDGSPEM","CRUDSpeDetPdGBP","M","NULL","NULL","SYSTEM","SYSTEM","1"
"XXXRESINFCORERESINFX","ResetBulkInfos","NULL","NULL","NULL","SYSTEM","SYSTEM","1"
"XXXRESINFCORERESINFX","SQLTraceBP","NULL","NULL","NULL","SYSTEM","SYSTEM","1"
"XXXRESINFCORERESINFX","RequestTraceBP","NULL","NULL","NULL","SYSTEM","SYSTEM","1"
"PRVBIPREVCOREBPRCDSV","CRUDBilancioPrevCdsBP","V","NULL","2005","SYSTEM","SYSTEM","1"
"PRVBIPREVCOREBPRCDSM","CRUDBilancioPrevCdsBP","M","NULL","2005","SYSTEM","SYSTEM","1"
"PRVBIPREVCOREBPRCNRV","CRUDBilancioPrevCnrBP","V","NULL","2006","SYSTEM","SYSTEM","1"
"PRVBIPREVCOREBPRCNRM","CRUDBilancioPrevCnrBP","M","NULL","2006","SYSTEM","SYSTEM","1"
"CFGSTRORGCORECENSPEM","CRUDConfigCdSBP","M","NULL","NULL","SYSTEM","SYSTEM","1"
"PRVCSTDIPCORECSTDIPM","CostiDipendenteBP","M","NULL","NULL","SYSTEM","SYSTEM","1"
"PRVCSTDIPCORECSTDIPV","CostiDipendenteBP","V","NULL","NULL","SYSTEM","SYSTEM","1"
"CFGSTRORGCORECENSPEV","CRUDConfigCdSBP","V","NULL","NULL","SYSTEM","SYSTEM","1"
"CFGANAGCFCOREANAGCFM","CRUDAnagraficaPersonaBP","M","NULL","NULL","SYSTEM","SYSTEM","1"
"CFGANAGCFCOREANAGSOM","CRUDAnagraficaStrutturaCNRBP","M","NULL","NULL","SYSTEM","SYSTEM","1"
"CFGANAGCFCOREANAGCFV","CRUDAnagraficaPersonaBP","V","NULL","NULL","SYSTEM","SYSTEM","1"
"CFGANAGCFTABRCLANAGM","CRUDClassificazioneAnag","M","NULL","NULL","SYSTEM","SYSTEM","1"
"CFGANAGCFTABRCLANAGV","CRUDClassificazioneAnag","V","NULL","NULL","SYSTEM","SYSTEM","1"
"CFGANAGCFTABRCOMESTM","CRUDComuniEsteri","M","NULL","NULL","SYSTEM","SYSTEM","1"
"CFGANAGCFTABRCOMESTV","CRUDComuniEsteri","V","NULL","NULL","SYSTEM","SYSTEM","1"
"CFGANAGCFTABRMODPAGM","CRUDModalitaPagamento","M","NULL","NULL","SYSTEM","SYSTEM","1"
"CFGANAGCFTABRMODPAGV","CRUDModalitaPagamento","V","NULL","NULL","SYSTEM","SYSTEM","1"
"CFGANAGCFTABRRAPLEGM","CRUDRappresentanteLegale","M","NULL","NULL","SYSTEM","SYSTEM","1"
"CFGANAGCFTABRRAPLEGV","CRUDRappresentanteLegale","V","NULL","NULL","SYSTEM","SYSTEM","1"
"CFGANAGCFTABRTERPAGM","CRUDTerminiPagamento","M","NULL","NULL","SYSTEM","SYSTEM","1"
"CFGANAGCFTABRTIPRAPM","CRUDTipoRapporto","M","NULL","NULL","SYSTEM","SYSTEM","1"
"CFGANAGCFTABRTIPRAPV","CRUDTipoRapporto","V","NULL","NULL","SYSTEM","SYSTEM","1"
"CFGESERCICOREESERCIM","CRUDConfigEsercizioBP","M","NULL","NULL","SYSTEM","SYSTEM","1"
"CFGESERCICOREESERCIV","CRUDConfigEsercizioBP","V","NULL","NULL","SYSTEM","SYSTEM","1"
"PRVPDGESTCOREPDGETRM","CRUDCostiScaricatiEtrBP","M","NULL","NULL","SYSTEM","SYSTEM","1"
"CFGPDCECPCORECAPOCOM","CRUDConfigCapocontoBP","M","NULL","2015","SYSTEM","SYSTEM","1"
"CFGPDCECPCORECAPOCOV","CRUDConfigCapocontoBP","V","NULL","2015","SYSTEM","SYSTEM","1"
"CFGPDCECPCORECONTEPM","CRUDConfigContoBP","M","NULL","NULL","SYSTEM","SYSTEM","1"
"CFGPDCFINASSCPE0010M","CRUDConfigAssCapSpesaCdsContoEconomCostoBP","M","NULL","NULL","SYSTEM","SYSTEM","1"
"CFGPDCFINASSCPE0010V","CRUDConfigAssCapSpesaCdsContoEconomCostoBP","V","NULL","NULL","SYSTEM","SYSTEM","1"
"CFGPDCFINASSCPE0020M","CRUDConfigAssCapEntrataCnrContoEconomRicavoBP","M","NULL","NULL","SYSTEM","SYSTEM","1"
"CFGPDCFINASSCPE0020V","CRUDConfigAssCapEntrataCnrContoEconomRicavoBP","V","NULL","NULL","SYSTEM","SYSTEM","1"
"CFGPDCFINASSCPF0010V","CRUDConfigAssTitoloCnrTitoloCdsBP","V","NULL","2015","SYSTEM","SYSTEM","1"
"CFGPDCFINASSCPF0020M","CRUDConfigAssCapSpesaCnrNaturaCapEntrataCdsBP","M","NULL","2015","SYSTEM","SYSTEM","1"
"CFGPDCFINASSCPF0020V","CRUDConfigAssCapSpesaCnrNaturaCapEntrataCdsBP","V","NULL","2015","SYSTEM","SYSTEM","1"
"CFGPDCFINASSCPF0030M","CRUDConfigAssCapSpesaCdsTipoInterventoBP","M","NULL","2015","SYSTEM","SYSTEM","1"
"CFGPDCFINASSCPF0030V","CRUDConfigAssCapSpesaCdsTipoInterventoBP","V","NULL","2015","SYSTEM","SYSTEM","1"
"CFGPDCFINASSCPF0040V","CRUDConfigAssCapEntrataCnrNaturaBP","V","NULL","NULL","SYSTEM","SYSTEM","1"
"CFGPDCFINCORECACDSEM","CRUDConfigPdcCDSEntrateBP","M","NULL","2015","SYSTEM","SYSTEM","1"
"CFGPDCFINCORECACDSEV","CRUDConfigPdcCDSEntrateBP","V","NULL","2015","SYSTEM","SYSTEM","1"
"CFGPDCFINCORECACDSSM","CRUDConfigPdcCDSSpeseBP","M","NULL","2015","SYSTEM","SYSTEM","1"
"CFGPDCFINCORECACNREM","CRUDConfigPdcCNREntrateCapitoloBP","M","NULL","2015","SYSTEM","SYSTEM","1"
"CFGPDCFINCORECACNREV","CRUDConfigPdcCNREntrateCapitoloBP","V","NULL","2015","SYSTEM","SYSTEM","1"
"CFGPDCFINCORECACNRSM","CRUDConfigPdcCNRSpeseCategoriaBP","M","NULL","2015","SYSTEM","SYSTEM","1"
"CFGPDCFINCORECACNRSV","CRUDConfigPdcCNRSpeseCategoriaBP","V","NULL","2015","SYSTEM","SYSTEM","1"
"CFGPDCFINCORECGCNREV","CRUDConfigPdcCNREntrateCategoriaBP","V","NULL","2015","SYSTEM","SYSTEM","1"
"CFGSTRORGCORECENRESM","CRUDConfigCdRBP","M","NULL","NULL","SYSTEM","SYSTEM","1"
"CFGSTRORGCORECENRESV","CRUDConfigCdRBP","V","NULL","NULL","SYSTEM","SYSTEM","1"
"PRVPDGESTCOREPDGSPEM","CRUDCostiScaricatiSpeBP","M","NULL","NULL","SYSTEM","SYSTEM","1"
"CFGLINATTCORELINATTM","CRUDLinea_attivitaBP","M","NULL","NULL","SYSTEM","SYSTEM","1"
"CFGLINATTCORELINATTV","CRUDLinea_attivitaBP","V","NULL","NULL","SYSTEM","SYSTEM","1"
"CFGLINATTASSC000010M","CRUDTipo_linea_attivitaBP","M","NULL","NULL","SYSTEM","SYSTEM","1"
"CFGLINATTASSC000010V","CRUDTipo_linea_attivitaBP","V","NULL","NULL","SYSTEM","SYSTEM","1"
"CFGLINATTTABRGRPLATM","CRUDGruppo_linea_attivitaBP","M","NULL","NULL","SYSTEM","SYSTEM","1"
"CFGLINATTTABRGRPLATV","CRUDGruppo_linea_attivitaBP","V","NULL","NULL","SYSTEM","SYSTEM","1"
"CFGLINATTASSC000010M","CRUDAss_tipo_la_cdrBP","M","NULL","NULL","SYSTEM","SYSTEM","1"
"CFGLINATTASSC000010V","CRUDAss_tipo_la_cdrBP","V","NULL","NULL","SYSTEM","SYSTEM","1"
"CFGLINATTTABRTIPLATM","CRUDTipo_linea_attivita","M","NULL","NULL","SYSTEM","SYSTEM","1"
"CFGLINATTTABRTIPLATV","CRUDTipo_linea_attivita","V","NULL","NULL","SYSTEM","SYSTEM","1"
"PRVPDGESTCOREPDGCORM","EliminazionePerLineaAttivitaBP","M","NULL","NULL","SYSTEM","SYSTEM","1"
"CFGPDCFINTABRCATECOM","CRUDConfigCapocontoFinBP","M","NULL","NULL","SYSTEM","SYSTEM","1"
"CFGPDCFINTABRCATECOV","CRUDConfigCapocontoFinBP","V","NULL","NULL","SYSTEM","SYSTEM","1"
"CFGANAGCFTABRTERPAGV","CRUDTerminiPagamento","V","NULL","NULL","SYSTEM","SYSTEM","1"
"PRVPDGESTCOREPDGETRM","CRUDEntrateFigurativeBP","M","NULL","NULL","SYSTEM","SYSTEM","1"
"CFGPDCECPCORECONTEPV","CRUDConfigContoBP","V","NULL","NULL","SYSTEM","SYSTEM","1"
"CFGPDCFINASSCPF0010M","CRUDConfigAssTitoloCnrTitoloCdsBP","M","NULL","2015","SYSTEM","SYSTEM","1"
"CFGPDCFINASSCPF0040M","CRUDConfigAssCapEntrataCnrNaturaBP","M","NULL","NULL","SYSTEM","SYSTEM","1"
"CFGPDCFINCORECACDSSV","CRUDConfigPdcCDSSpeseBP","V","NULL","2015","SYSTEM","SYSTEM","1"
"CFGPDCFINCORECGCNREM","CRUDConfigPdcCNREntrateCategoriaBP","M","NULL","2015","SYSTEM","SYSTEM","1"
"CFGSTRORGCORECDRAMMM","CRUDConfigCdRBP","M","NULL","NULL","SYSTEM","SYSTEM","1"
"CFGSTRORGCORECDRAMMV","CRUDConfigCdRBP","V","NULL","NULL","SYSTEM","SYSTEM","1"
"CFGPROGERCOREMAV","ModuloAttivitaBP","V","NULL","2015","SYSTEM","SYSTEM","1"
"CONSPDGPAREAETR","ConsPDGPAreaEtrBP","NULL","2006","2015","SYSTEM","SYSTEM","1"
"CONSULTELENCOINVE","ConsElencoinventariobeniBP","NULL","NULL","NULL","SYSTEM","SYSTEM","1"
"DOCSTIPENDICOFICORIM","CRUDStipendiCofiCoriBP","M","NULL","NULL","SYSTEM","SYSTEM","1"
"DOCSTIPENDICOFICORIV","CRUDStipendiCofiCoriBP","V","NULL","NULL","SYSTEM","SYSTEM","1"
"AMMLIQIVACOREINTERFM","LiquidIvaInterfBP","M","NULL","2007","SYSTEM","SYSTEM","1"
"AMMLIQIVACOREINTERFV","LiquidIvaInterfBP","V","NULL","2007","SYSTEM","SYSTEM","1"
"PRVRICOSRESSTAMPAM","StampaRicostruzioneResiduiBP","NULL","NULL","2004","SYSTEM","SYSTEM","1"
"AMMCOEPSTAMOV","StampaElencoMovimentiBP","NULL","NULL","NULL","SYSTEM","SYSTEM","1"
"AMMINVENTCOREGESTBEU","CRUDAggiornamentoInventarioBP","M","NULL","NULL","SYSTEM","SYSTEM","1"
"AMMINVENTSTASSBEFAM","ConAssBeniFattureBP","NULL","NULL","NULL","SYSTEM","SYSTEM","1"
"CONSPDGPAREASPE","ConsPDGPAreaSpeBP","NULL","2006","2015","SYSTEM","SYSTEM","1"
"CFGANAGCFTABRRIFINQM","CRUDRifInquadramentoBP","M","NULL","NULL","SYSTEM","SYSTEM","1"
"CFGANAGCFTABRRIFINQV","CRUDRifInquadramentoBP","V","NULL","NULL","SYSTEM","SYSTEM","1"
"CONSPDGPDIPSPE","ConsPDGPDipSpeBP","NULL","2006","NULL","SYSTEM","SYSTEM","1"
"CONSPDGPDIPETR","ConsPDGPDipEtrBP","NULL","2006","NULL","SYSTEM","SYSTEM","1"
"CONSPDGPDIPFOSPE","ConsPDGPDipFoSpeBP","NULL","2006","NULL","SYSTEM","SYSTEM","1"
"CONSPDGPDIPFOETR","ConsPDGPDipFoEtrBP","NULL","2006","NULL","SYSTEM","SYSTEM","1"
"CONSPDGPFOSPE","ConsPDGPFoSpeBP","NULL","2006","NULL","SYSTEM","SYSTEM","1"
"CONSPDGPFOETR","ConsPDGPFoEtrBP","NULL","2006","NULL","SYSTEM","SYSTEM","1"
"CONSPDGPTITSPE","ConsPDGPTitSpeBP","NULL","2006","NULL","SYSTEM","SYSTEM","1"
"CONSPDGPTITETR","ConsPDGPTitEtrBP","NULL","2006","NULL","SYSTEM","SYSTEM","1"
"AMMINVCONSASSDISP","ConsAssociazioniDisponibiliBP","NULL","NULL","NULL","SYSTEM","SYSTEM","1"
"AMMINVCONSQUOUTIL","ConsQuoteUtilizzatoriBP","NULL","NULL","NULL","SYSTEM","SYSTEM","1"
"AMMBONUSM","CRUDBonusBP","M","2009","2010","SYSTEM","SYSTEM","1"
"CONSULTCOSTIPERSOMEN","ConsCostiDelPersonaleMensileBP","NULL","NULL","NULL","SYSTEM","SYSTEM","1"
"DOCINTCASCONSSOSE","ConsSospesiEntrateBP","NULL","NULL","NULL","SYSTEM","SYSTEM","1"
"DOCINTCASCONSSOSS","ConsSospesiSpeseBP","NULL","NULL","NULL","SYSTEM","SYSTEM","1"
"CFGPDCFINSTMENTSPE","StampaPdcFinEntSpeBP","NULL","NULL","2014","SYSTEM","SYSTEM","1"
"CFGPDCFINLIMSPEM","CRUDLimiteSpesaBP","M","2011","NULL","SYSTEM","SYSTEM","1"
"CFGPDCFINLIMSPEV","CRUDLimiteSpesaBP","V","2011","NULL","SYSTEM","SYSTEM","1"
"CFGANAGCFTABRTERAREM","CRUDRifAreePaesiEsteriBP","M","NULL","NULL","SYSTEM","SYSTEM","1"
"CFGANAGCFTABRTERAREV","CRUDRifAreePaesiEsteriBP","V","NULL","NULL","SYSTEM","SYSTEM","1"
"AMMMISSIOTABRQUOTARM","CRUDMissioneQuotaRimborsoBP","M","NULL","NULL","SYSTEM","SYSTEM","1"
"AMMMISSIOTABRQUOTARV","CRUDMissioneQuotaRimborsoBP","V","NULL","NULL","SYSTEM","SYSTEM","1"
"AMMCOMPENCORECRTICCM","StampaCertificazioneTitoloImpostaCoCoCoBP","M","NULL","2012","SYSTEM","SYSTEM","1"
"CONSULTWPOBBLIGAZ","ConsWorkpackageBP","V","NULL","NULL","SYSTEM","SYSTEM","1"
"CFGEXCELCCORERECODAM","ExcelSpoolerBP","NULL","NULL","NULL","SYSTEM","SYSTEM","1"
"CONSULTCOSTIPERSO","ConsCostiDelPersonaleBP","NULL","NULL","NULL","SYSTEM","SYSTEM","1"
"CONSULTPDGAGGRSPE","ConsPDGAggregatoSpesaBP","NULL","NULL","2005","SYSTEM","SYSTEM","1"
"CONSULTPDGAGGRETR","ConsPDGAggregatoEntrataBP","NULL","NULL","2005","SYSTEM","SYSTEM","1"
"CONSULTPDGCOMMSPE","ConsPDGCommessaSpesaBP","NULL","NULL","2005","SYSTEM","SYSTEM","1"
"CONSULTPDGCOMMETR","ConsPDGCommessaEntrataBP","NULL","NULL","2005","SYSTEM","SYSTEM","1"
"PRVPDGSTAETRSPEIST","Stampa_pdg_etr_spe_istBP","NULL","NULL","2005","SYSTEM","SYSTEM","1"
"PRVPDGSTAETRSPEDIP","Stampa_pdg_etr_spe_dipBP","NULL","NULL","2005","SYSTEM","SYSTEM","1"
"AMMCOMPENESTRMEINPSM","EstrazioneINPSMensileBP","M","NULL","NULL","SYSTEM","SYSTEM","1"
"CONSDOCAMMINVIOMAN","ConsStatoInvioMandatiBP","NULL","NULL","NULL","SYSTEM","SYSTEM","1"
"DOCCONCOMPRESISTVOC","ConsDispCompResIstVoceBP","NULL","2006","NULL","SYSTEM","SYSTEM","1"
"DOCCONCOMPRESISTCDR","ConsDispCompResIstCdrGaeBP","NULL","2006","NULL","SYSTEM","SYSTEM","1"
"PRVVARCOMPETENZAM","CRUDPdgVariazioneGestionaleBP","M","2010","NULL","SYSTEM","SYSTEM","1"
"PRVVARCOMPETENZAV","CRUDPdgVariazioneGestionaleBP","V","2006","NULL","SYSTEM","SYSTEM","1"
"PRVVARCOMPRIGAM","CRUDPdgVariazioneRigaGestBP","M","2006","NULL","SYSTEM","SYSTEM","1"
"PRVVARCOMPRIGAV","CRUDPdgVariazioneRigaGestBP","V","2006","NULL","SYSTEM","SYSTEM","1"
"PRVVARCOMPSTAMP","StampaVariazioniPdgBP","NULL","2006","NULL","SYSTEM","SYSTEM","1"
"PRVVARCOMPSTAMPR","StampaVariazioniPdgRiepBP","NULL","2006","NULL","SYSTEM","SYSTEM","1"
"CFGSERVIZIOPECV","CRUDServizioPecBP","V","NULL","NULL","SYSTEM","SYSTEM","1"
"CONSBANCAREST","ConsBancaBP","V","NULL","NULL","SYSTEM","SYSTEM","1"
"CONSMISTIPOSPESAREST","MissioneTipoSpesaBP","V","NULL","NULL","SYSTEM","SYSTEM","1"
"CONSDIVISAREST","ConsDivisaBP","V","NULL","NULL","SYSTEM","SYSTEM","1"
"CONSMANDATOREVREST","ConsMandatoRevRestBP","V","NULL","NULL","SYSTEM","SYSTEM","1"
"CONSMISRIMBKMREST","MissioneRimborsoBP","V","NULL","NULL","SYSTEM","SYSTEM","1"
"MAGTABRGRPMERCM","CRUDGruppoMerceologicoBP","M","2016","NULL","SYSTEM","SYSTEM","1"
"MAGTABRUNIMISM","CRUDUnitaMisuraBP","M","2016","NULL","SYSTEM","SYSTEM","1"
"MAGTABRUNIMCOEFFMAGM","CRUDUnimisCoeffMagBP","M","2016","NULL","SYSTEM","SYSTEM","1"
"MAGTABRTIPOARTM","CRUDTipoArticoloBP","M","2016","NULL","SYSTEM","SYSTEM","1"
"ORDTABRUOPM","CRUDUnitaOperativaBP","M","2016","NULL","SYSTEM","SYSTEM","1"
"ORDTABRUOPASSM","CRUDAssUnitaOperativaBP","M","2016","NULL","SYSTEM","SYSTEM","1"
"MAGTABRRAGGRM","CRUDRaggrMagazzinoBP","M","2016","NULL","SYSTEM","SYSTEM","1"
"ORDTABRTIPOPM","CRUDTipoOperazioneBP","M","2016","NULL","SYSTEM","SYSTEM","1"
"MAGTABRTIPOMOVM","CRUDTipoMovimentoMagBP","M","2016","NULL","SYSTEM","SYSTEM","1"
"MAGTABRTIPOMOVAZIONM","CRUDTipoMovimentoMagAzBP","M","2016","NULL","SYSTEM","SYSTEM","1"
"MAGTABRLUOGOCONSM","CRUDLuogoConsegnaBP","M","2016","NULL","SYSTEM","SYSTEM","1"
"ORDTABRCAUSSPESAM","CRUDCausaleSpesaOrdBP","M","2016","NULL","SYSTEM","SYSTEM","1"
"ORDTABRNOTAPRECM","CRUDNotaPrecodificataBP","M","2016","NULL","SYSTEM","SYSTEM","1"
"ORDTABRCAUSAANNM","CRUDCausaleAnnOrdBP","M","2016","NULL","SYSTEM","SYSTEM","1"
"MAGTABRMAGAZZINOM","CRUDMagazzinoBP","M","2016","NULL","SYSTEM","SYSTEM","1"
"MAGTABRMAGABIBENSERM","CRUDAbilMagBeneServBP","M","2016","NULL","SYSTEM","SYSTEM","1"
"MAGTABRNUMERAZM","CRUDNumerazioneMagBP","M","2016","NULL","SYSTEM","SYSTEM","1"
"ORDTABRNUMERAZM","CRUDNumerazioneOrdBP","M","2016","NULL","SYSTEM","SYSTEM","1"
"MAGTABRTIPOGESTM","CRUDTipoGestioneBeneServBP","M","2016","NULL","SYSTEM","SYSTEM","1"
"MAGTABRGRPMERCV","CRUDGruppoMerceologicoBP","V","2016","NULL","SYSTEM","SYSTEM","1"
"MAGTABRUNIMISV","CRUDUnitaMisuraBP","V","2016","NULL","SYSTEM","SYSTEM","1"
"MAGTABRUNIMCOEFFMAGV","CRUDUnimisCoeffMagBP","V","2016","NULL","SYSTEM","SYSTEM","1"
"MAGTABRTIPOARTV","CRUDTipoArticoloBP","V","2016","NULL","SYSTEM","SYSTEM","1"
"ORDTABRUOPV","CRUDUnitaOperativaBP","V","2016","NULL","SYSTEM","SYSTEM","1"
"ORDTABRUOPASSV","CRUDAssUnitaOperativaBP","V","2016","NULL","SYSTEM","SYSTEM","1"
"MAGTABRRAGGRV","CRUDRaggrMagazzinoBP","V","2016","NULL","SYSTEM","SYSTEM","1"
"ORDTABRTIPOPV","CRUDTipoOperazioneBP","V","2016","NULL","SYSTEM","SYSTEM","1"
"MAGTABRTIPOMOVV","CRUDTipoMovimentoMagBP","V","2016","NULL","SYSTEM","SYSTEM","1"
"MAGTABRTIPOMOVAZIONV","CRUDTipoMovimentoMagAzBP","V","2016","NULL","SYSTEM","SYSTEM","1"
"AMMBONUSV","CRUDBonusBP","V","2009","2010","SYSTEM","SYSTEM","1"
"MAGTABRLUOGOCONSV","CRUDLuogoConsegnaBP","V","2016","NULL","SYSTEM","SYSTEM","1"
"ORDTABRCAUSSPESAV","CRUDCausaleSpesaOrdBP","V","2016","NULL","SYSTEM","SYSTEM","1"
"ORDTABRNOTAPRECV","CRUDNotaPrecodificataBP","V","2016","NULL","SYSTEM","SYSTEM","1"
"ORDTABRCAUSAANNV","CRUDCausaleAnnOrdBP","V","2016","NULL","SYSTEM","SYSTEM","1"
"MAGTABRMAGAZZINOV","CRUDMagazzinoBP","V","2016","NULL","SYSTEM","SYSTEM","1"
"MAGTABRMAGABIBENSERV","CRUDAbilMagBeneServBP","V","2016","NULL","SYSTEM","SYSTEM","1"
"MAGTABRNUMERAZV","CRUDNumerazioneMagBP","V","2016","NULL","SYSTEM","SYSTEM","1"
"ORDTABRNUMERAZV","CRUDNumerazioneOrdBP","V","2016","NULL","SYSTEM","SYSTEM","1"
"MAGTABRTIPOGESTV","CRUDTipoGestioneBeneServBP","V","2016","NULL","SYSTEM","SYSTEM","1"
"DOCSTIPENDISTRALCIOM","ElaboraStralcioMensileStipendiBP","M","NULL","NULL","SYSTEM","SYSTEM","1"
"PRVFIRMAVARIAZIONET","FirmaDigitalePdgVariazioniBP","T","2012","NULL","SYSTEM","SYSTEM","1"
"CNSBEPRCLCORESTPRCLM","StampaStatoPatrimRiclassBP","M","NULL","NULL","SYSTEM","SYSTEM","1"
"CNSBEPRCLCORECECRCLM","StampaContoEconomRiclassBP","M","NULL","NULL","SYSTEM","SYSTEM","1"
"DOCINTCASCORESITCASM","StampaSituazioneCassaBP","M","NULL","NULL","SYSTEM","SYSTEM","1"
"AMMFATTURDOCSFATTFOM","StampaFattAttPerClienteBP","M","NULL","NULL","SYSTEM","SYSTEM","1"
"AMMFATTURDOCSFPASCLM","StampaFattPassPerFornitoreBP","M","NULL","NULL","SYSTEM","SYSTEM","1"
"AMMINVENTCORETRSINVM","CRUDTrasferimentoInventarioBP","M","NULL","NULL","SYSTEM","SYSTEM","1"
"AMMINVENTCORETRSEXTM","CRUDTrasferimentoExtraInventarioBP","M","NULL","NULL","SYSTEM","SYSTEM","1"
"AMMINVENTCORETRSINTM","CRUDTrasferimentoIntraInventarioBP","M","NULL","NULL","SYSTEM","SYSTEM","1"
"CFGPARAMETRIUOM","CRUDConfigParametriUoBP","M","NULL","NULL","SYSTEM","SYSTEM","1"
"CFGPARAMETRIUOV","CRUDConfigParametriUoBP","V","NULL","NULL","SYSTEM","SYSTEM","1"
"AMMINVCONSREGINV","ConsRegistroInventarioBP","NULL","NULL","NULL","SYSTEM","SYSTEM","1"
"CNSPDGINGSITSINDGAE","StampaSituazioneSinteticaDispGAEBP","NULL","NULL","NULL","SYSTEM","SYSTEM","1"
"CFGLINATTSTAMPM","StampaElencoProgettiBP","NULL","NULL","NULL","SYSTEM","SYSTEM","1"
"CONSDOCAMMINVIOREV","ConsStatoInvioReversaliBP","NULL","NULL","NULL","SYSTEM","SYSTEM","1"
"CONSGAECOMPSPE","ConsGAECompSpeBP","NULL","2006","NULL","SYSTEM","SYSTEM","1"
"CONSGAECOMPETR","ConsGAECompEtrBP","NULL","2006","NULL","SYSTEM","SYSTEM","1"
"CNSPDGINGSINRENDGAE","StampaSituazioneSinteticaRendGAEBP","NULL","NULL","NULL","SYSTEM","SYSTEM","1"
"CONSULTARATEIZZAADD","ConsRateizzaClassificCoriBP","NULL","NULL","NULL","SYSTEM","SYSTEM","1"
"DOCINTCASCORECONFILE","ConsFileCassiereBP","NULL","2009","NULL","SYSTEM","SYSTEM","1"
"CONSOBBLRIPORTABILI","ConsObbligazioniRiportabiliBP","NULL","NULL","NULL","SYSTEM","SYSTEM","1"
"CNSPDGINGCORESANACR","StampaAnaliticaSpeseLdaComresBP","NULL","NULL","2005","SYSTEM","SYSTEM","1"
"CNSPDGINGCORESSINCR","StampaSinteticaSpeseLdaComresBP","NULL","NULL","2005","SYSTEM","SYSTEM","1"
"CONSSCHEDAANCONTO","ConsSchedaAnaliticaContoBP","NULL","NULL","NULL","SYSTEM","SYSTEM","1"
"PRVPDGVARIAZIONIM","PdGVariazioneBP","M","NULL","2005","SYSTEM","SYSTEM","1"
"CFGSERVIZIOPECM","CRUDServizioPecBP","M","NULL","NULL","SYSTEM","SYSTEM","1"
"PRVARCHVARIAZIONEM","ArchiviaStampaPdgVariazioneBP","M","2006","NULL","SYSTEM","SYSTEM","1"
"PRVFIRMAVARIAZIONE","FirmaDigitalePdgVariazioniBP","NULL","2006","NULL","SYSTEM","SYSTEM","1"
"CONSULTMONITOCOCOCO","MonitoCococoBP","NULL","NULL","NULL","SYSTEM","SYSTEM","1"
"CFGPDCFINCLASVOCETRM","ClassificazioneVociEntrateBP","M","NULL","NULL","SYSTEM","SYSTEM","1"
"CFGPDCFINCLASVOCETRV","ClassificazioneVociEntrateBP","V","NULL","NULL","SYSTEM","SYSTEM","1"
"CFGPDCFINCLASVOCSPEM","ClassificazioneVociSpeseBP","M","NULL","NULL","SYSTEM","SYSTEM","1"
"CFGPDCFINCLASVOCSPEV","ClassificazioneVociSpeseBP","V","NULL","NULL","SYSTEM","SYSTEM","1"
"PRVNPDGESTPDGAGGV","CRUDPdGAggregatoModuloBP","V","2006","NULL","SYSTEM","SYSTEM","1"
"PRVNPDGESTPDGAGGM","CRUDPdGAggregatoModuloBP","M","2006","NULL","SYSTEM","SYSTEM","1"
"PRVPDGESTVARSTAMP","StampaVariazioniPdgBP","NULL","NULL","2005","SYSTEM","SYSTEM","1"
"PRVNPDGGESTETRM","CRUDPdgModuloEntrateGestBP","M","NULL","NULL","SYSTEM","SYSTEM","1"
"PRVNPDGGESTETRV","CRUDPdgModuloEntrateGestBP","V","NULL","NULL","SYSTEM","SYSTEM","1"
"PRVNPDGGESTSPEM","CRUDPdgModuloSpeseGestBP","M","NULL","NULL","SYSTEM","SYSTEM","1"
"PRVNPDGGESTSPEV","CRUDPdgModuloSpeseGestBP","V","NULL","NULL","SYSTEM","SYSTEM","1"
"DOCOBBLIGCOREIMPBEV","CRUDImpegnoBilEnteBP","V","NULL","2015","SYSTEM","SYSTEM","1"
"DOCOBBLIGCOREIMPBEM","CRUDImpegnoBilEnteBP","M","NULL","2015","SYSTEM","SYSTEM","1"
"DOCOBBCOREOBBRESPROM","CRUDObbligazioneResBP","M","2010","NULL","SYSTEM","SYSTEM","1"
"DOCOBBCOREOBBRESPROV","CRUDObbligazioneResBP","V","NULL","NULL","SYSTEM","SYSTEM","1"
"DOCOBBCOREOBBRESIMPM","CRUDObbligazioneResImpropriaBP","M","2010","NULL","SYSTEM","SYSTEM","1"
"DOCOBBCOREOBBRESIMPV","CRUDObbligazioneResImpropriaBP","V","NULL","NULL","SYSTEM","SYSTEM","1"
"DOCACCERTCOREACCRESC","CRUDAccertamentoResiduoCreazioneBP","M","2014","NULL","SYSTEM","SYSTEM","1"
"CFGUTENZETIPORUOM","CRUDTipoRuoloBP","M","NULL","NULL","SYSTEM","SYSTEM","1"
"CFGUTENZETIPORUOV","CRUDTipoRuoloBP","V","NULL","NULL","SYSTEM","SYSTEM","1"
"CONSPDGGDIPSPE","ConsPDGGDipSpeBP","NULL","2006","NULL","SYSTEM","SYSTEM","1"
"CONSPDGGDIPETR","ConsPDGGDipEtrBP","NULL","2006","NULL","SYSTEM","SYSTEM","1"
"AMMCOMPENLIQCORICENM","LiquidGruppoCentroBP","M","NULL","NULL","SYSTEM","SYSTEM","1"
"CNSPDGINGCOREESCCOMP","StampaSituazioneAnaliticaGAEBP","NULL","2006","NULL","SYSTEM","SYSTEM","1"
"DOCCONMANRICMAN","ConsRicercaMandatiPerTerzoBP","NULL","NULL","NULL","SYSTEM","SYSTEM","1"
"AMMCOMPENCORESTCOMP","StampaCompensiBP","NULL","NULL","NULL","SYSTEM","SYSTEM","1"
"DOCSTIPENELABFLUSSIM","ElaboraFileStipendiBP","M","NULL","NULL","SYSTEM","SYSTEM","1"
"DOCSTIPENDIOBBSCADM","CRUDStipendiCofiObbScadBP","M","NULL","NULL","SYSTEM","SYSTEM","1"
"DOCSTIPENDIOBBSCADV","CRUDStipendiCofiObbScadBP","V","NULL","NULL","SYSTEM","SYSTEM","1"
"CONSVARSTANZCOMP","ConsVarStanzCompetenzaBP","NULL","NULL","NULL","SYSTEM","SYSTEM","1"
"CONSVARPDGGISTSPE","ConsVarPDGGIstSpeBP","NULL","2006","NULL","SYSTEM","SYSTEM","1"
"CONSVARPDGGISTETR","ConsVarPDGGIstEtrBP","NULL","2006","NULL","SYSTEM","SYSTEM","1"
"CONSVARPDGGAREASPE","ConsVarPDGGAreaSpeBP","NULL","2006","NULL","SYSTEM","SYSTEM","1"
"CONSVARPDGGAREAETR","ConsVarPDGGAreaEtrBP","NULL","2006","NULL","SYSTEM","SYSTEM","1"
"AMMINVCONSINVEP","ConsInventarioEPBP","NULL","NULL","NULL","SYSTEM","SYSTEM","1"
"AMMINVCONSINVUTIL","ConsInventarioUtilizzatoriBP","NULL","NULL","NULL","SYSTEM","SYSTEM","1"
"PRVVARSTANZSTAMP","StampaVarStanzResBP","NULL","NULL","NULL","SYSTEM","SYSTEM","1"
"XXXMANAGELOCKOBJECTX","ManageLockedObjectsBP","V","NULL","NULL","SYSTEM","SYSTEM","1"
"DOCMANDATTABRCUPV","CRUDCupBP","V","2010","NULL","SYSTEM","SYSTEM","1"
"DOCMANDATTABRCUPM","CRUDCupBP","M","2010","NULL","SYSTEM","SYSTEM","1"
"CFGPARAMETRICNRM","CRUDConfigParametriCnrBP","M","NULL","NULL","SYSTEM","SYSTEM","1"
"AMMCOMPENCORECRTM","StampaCertificazioneBP","M","NULL","NULL","SYSTEM","SYSTEM","1"
"PRVPDGGESCORESTRPCSM","StampaRipartizioneCostiBP","M","NULL","2005","SYSTEM","SYSTEM","1"
"AMMCOMPENTABRESADDCE","CRUDEsenzioni_addizionaliBP","M","NULL","NULL","SYSTEM","SYSTEM","1"
"AMMCOMPENTABRESADDCM","CRUDEsenzioni_addcomBP","M","NULL","NULL","SYSTEM","SYSTEM","1"
"AMMCOMPENTABRESADDCV","CRUDEsenzioni_addcomBP","V","NULL","NULL","SYSTEM","SYSTEM","1"
"AMMCOMPENTABRASCOREM","CRUDAssTipoCoriEvBP","M","NULL","NULL","SYSTEM","SYSTEM","1"
"AMMCOMPENTABRASCOREV","CRUDAssTipoCoriEvBP","V","NULL","NULL","SYSTEM","SYSTEM","1"
"AMMCOMPENTABRASCORVM","CRUDAssTipoCoriVEPBP","M","NULL","NULL","SYSTEM","SYSTEM","1"
"AMMCOMPENTABRASCORVV","CRUDAssTipoCoriVEPBP","V","NULL","NULL","SYSTEM","SYSTEM","1"
"AMMCOMPENTABRGRCRM","CRUDGruppoCRBP","M","NULL","NULL","SYSTEM","SYSTEM","1"
"AMMCOMPENTABRGRCRV","CRUDGruppoCRBP","V","NULL","NULL","SYSTEM","SYSTEM","1"
"AMMCOMPENTABRGRCRUM","CRUDAssGruppoCRUOBP","M","NULL","NULL","SYSTEM","SYSTEM","1"
"AMMCOMPENTABRGRCRUV","CRUDAssGruppoCRUOBP","V","NULL","NULL","SYSTEM","SYSTEM","1"
"AMMCOMPENTABRTICRBM","CRUDTipoCoriBBP","M","NULL","NULL","SYSTEM","SYSTEM","1"
"AMMCOMPENTABRTICRBV","CRUDTipoCoriBBP","V","NULL","NULL","SYSTEM","SYSTEM","1"
"CFGINCARICHITIPOATTM","CRUDConfigTipoAttivitaBP","M","NULL","NULL","SYSTEM","SYSTEM","1"
"CFGINCARICHITIPOATTV","CRUDConfigTipoAttivitaBP","V","NULL","NULL","SYSTEM","SYSTEM","1"
"CFGINCARICHITIPOINCM","CRUDConfigTipoIncaricoBP","M","NULL","NULL","SYSTEM","SYSTEM","1"
"CFGINCARICHITIPOINCV","CRUDConfigTipoIncaricoBP","V","NULL","NULL","SYSTEM","SYSTEM","1"
"CFGINCARICHITIPOLIMM","CRUDConfigTipoLimiteBP","M","NULL","NULL","SYSTEM","SYSTEM","1"
"CFGINCARICHITIPOLIMV","CRUDConfigTipoLimiteBP","V","NULL","NULL","SYSTEM","SYSTEM","1"
"CFGINCARICHIATTINCM","CRUDConfigAttivitaIncaricoBP","M","NULL","NULL","SYSTEM","SYSTEM","1"
"CFGINCARICHIATTINCV","CRUDConfigAttivitaIncaricoBP","V","NULL","NULL","SYSTEM","SYSTEM","1"
"CFGINCARICHIREPLIMM","CRUDConfigRepertorioLimitiBP","M","NULL","NULL","SYSTEM","SYSTEM","1"
"CFGINCARICHIREPLIMV","CRUDConfigRepertorioLimitiBP","V","NULL","NULL","SYSTEM","SYSTEM","1"
"CFGINCARICHIINCRICM","CRUDIncarichiRichiestaBP","M","NULL","NULL","SYSTEM","SYSTEM","1"
"CFGINCARICHIINCRICV","CRUDIncarichiRichiestaBP","V","NULL","NULL","SYSTEM","SYSTEM","1"
"CFGINCARICHIINCREPM","CRUDIncarichiRepertorioBP","M","2007","2011","SYSTEM","SYSTEM","1"
"CFGINCARICHIINCREPV","CRUDIncarichiRepertorioBP","V","2007","2011","SYSTEM","SYSTEM","1"
"CFGINCARICHITEMAATTM","CRUDConfigTematicaAttivitaBP","M","NULL","NULL","SYSTEM","SYSTEM","1"
"CFGINCARICHITEMAATTV","CRUDConfigTematicaAttivitaBP","V","NULL","NULL","SYSTEM","SYSTEM","1"
"XXXHTTPSESSIONXXXXXX","HTTPSessionBP","V","NULL","NULL","SYSTEM","SYSTEM","1"
"AMMFATTURINTRAM","ElaboraFileIntraBP","M","2010","NULL","SYSTEM","SYSTEM","1"
"AMMFATTURINTRA12M","ElaboraFileIntra12BP","M","2010","NULL","SYSTEM","SYSTEM","1"
"AMMFATTURINTRAV","ConsFileIntraBP","V","2010","NULL","SYSTEM","SYSTEM","1"
"AMMFATTURINTRA12V","ConsFileIntra12BP","V","2010","NULL","SYSTEM","SYSTEM","1"
"DOCCONREVRICREV","ConsRicercaReversaliPerTerzoBP","NULL","NULL","NULL","SYSTEM","SYSTEM","1"
"SIGLADWHSTAMPE","ConfrontoSiglaDWHBP","NULL","NULL","NULL","SYSTEM","SYSTEM","1"
"CFGUTENZEUADMINGESTV","CRUDUtenteGestoreBP","V","NULL","NULL","SYSTEM","SYSTEM","1"
"CFGUTENZEUADMINGESTM","CRUDUtenteGestoreBP","M","NULL","NULL","SYSTEM","SYSTEM","1"
"PRVCSTDIPPDGCSTDIPV","CRUDCostoDelDipendenteBP","V","NULL","2005","SYSTEM","SYSTEM","1"
"PRVCSTDIPPDGCSTDIPM","CRUDCostoDelDipendenteBP","M","NULL","2005","SYSTEM","SYSTEM","1"
"PRVCSTDIPPDGRIPCSTV","CostiDipendenteBP","V","NULL","2005","SYSTEM","SYSTEM","1"
"PRVCSTDIPPDGRIPCSTM","CostiDipendenteBP","M","NULL","2005","SYSTEM","SYSTEM","1"
"CFGPARAMETRICDSM","CRUDConfigParametriCdsBP","M","NULL","NULL","SYSTEM","SYSTEM","1"
"CFGPARAMETRICDSV","CRUDConfigParametriCdsBP","V","NULL","NULL","SYSTEM","SYSTEM","1"
"CFGPROGERCOREPROGERV","TestataProgettiRicercaNuovoBP","V","2016","NULL","SYSTEM","SYSTEM","1"
"CONSPDGGAREASPE","ConsPDGGAreaSpeBP","NULL","2006","2015","SYSTEM","SYSTEM","1"
"CONSPDGGAREAETR","ConsPDGGAreaEtrBP","NULL","2006","2015","SYSTEM","SYSTEM","1"
"CONSPDGGISTSPE","ConsPDGGIstSpeBP","NULL","2006","2015","SYSTEM","SYSTEM","1"
"CONSPDGGISTETR","ConsPDGGIstEtrBP","NULL","2006","2015","SYSTEM","SYSTEM","1"
"CFGPROGERCOREPROSTSM","StampaProgettiBP","M","NULL","2015","SYSTEM","SYSTEM","1"
"CFGPROGERCOREPROSTAN","StampaAnagraficaProgettiBP","M","NULL","2015","SYSTEM","SYSTEM","1"
"CFGPDCFINRICLASSENTM","ClassificazioneEntrateBP","M","NULL","NULL","SYSTEM","SYSTEM","1"
"CFGPDCFINRICLASSENTV","ClassificazioneEntrateBP","V","NULL","NULL","SYSTEM","SYSTEM","1"
"CFGPDCFINRICLASSSPEM","ClassificazioneSpeseBP","M","NULL","NULL","SYSTEM","SYSTEM","1"
"CFGPDCFINRICLASSSPEV","ClassificazioneSpeseBP","V","NULL","NULL","SYSTEM","SYSTEM","1"
"CFGPROGERCOREPROGERS","TestataProgettiRicercaBP","V","2016","NULL","SYSTEM","SYSTEM","1"
"CFGESTPARAMENTECOMUM","ParametriEnteBP","M","NULL","NULL","SYSTEM","SYSTEM","1"
"CNSPDGINGCOREESCVOCE","StampaSituazioneAnaliticaGAExVoceBP","NULL","NULL","NULL","SYSTEM","SYSTEM","1"
"CFGSTRORGCOREDIPARTV","CRUDConfigDipartimentoBP","V","NULL","NULL","SYSTEM","SYSTEM","1"
"PRVPDGESTVARSTAMPR","StampaVariazioniPdgRiepBP","NULL","NULL","2005","SYSTEM","SYSTEM","1"
"CFGCONSLOGSAPPV","ConsLogsApplicativiBP","NULL","NULL","NULL","SYSTEM","SYSTEM","1"
"DOCCONCOMPRESVOCNAT","ConsDispCompResVoceNatBP","NULL","2005","NULL","SYSTEM","SYSTEM","1"
"CFGPDCFINASSCPF0060M","CRUDConfigAssTipologiaIstatSiopeBP","M","NULL","NULL","SYSTEM","SYSTEM","1"
"CFGPDCFINASSCPF0060V","CRUDConfigAssTipologiaIstatSiopeBP","V","NULL","NULL","SYSTEM","SYSTEM","1"
"CFGINCARICHIINCPRCM","CRUDIncarichiProceduraBP","M","2007","NULL","SYSTEM","SYSTEM","1"
"CFGINCARICHIINCPRCV","CRUDIncarichiProceduraBP","V","2007","NULL","SYSTEM","SYSTEM","1"
"ESTRINCARELENCOFP","EstrazioneIncarichiElencoBP","M","2009","NULL","SYSTEM","SYSTEM","1"
"CFGFILEEXCELLOBM","CRUDConfigExcelBlobBP","M","NULL","NULL","SYSTEM","SYSTEM","1"
"CFGFILEEXCELLOBV","CRUDConfigExcelBlobBP","V","NULL","NULL","SYSTEM","SYSTEM","1"
"PRVNPDGDSCOSSPESV","CRUDDettagliModuloCostiBP","V","NULL","NULL","SYSTEM","SYSTEM","1"
"PRVNPDGDSCOSSPESM","CRUDDettagliModuloCostiBP","M","NULL","NULL","SYSTEM","SYSTEM","1"
"PRVNPDGENTRM","CRUDPdg_Modulo_EntrateBP","M","NULL","NULL","SYSTEM","SYSTEM","1"
"PRVNPDGENTRV","CRUDPdg_Modulo_EntrateBP","V","NULL","NULL","SYSTEM","SYSTEM","1"
"CFGCONTRATTOSTAMPM","StampaElencoContrattiBP","NULL","NULL","NULL","SYSTEM","SYSTEM","1"
"PRVNPDGESTSTATOCDRV","CRUDStatoCdrPdGPBP","V","2006","NULL","SYSTEM","SYSTEM","1"
"PRVNPDGESTSTATOCDRM","CRUDStatoCdrPdGPBP","M","2006","NULL","SYSTEM","SYSTEM","1"
"CFGPDCFINPARLIVELLIM","CRUDConfigParametriLivelliBP","M","NULL","NULL","SYSTEM","SYSTEM","1"
"CFGPDCFINPARLIVELLIV","CRUDConfigParametriLivelliBP","V","NULL","NULL","SYSTEM","SYSTEM","1"
"CONSULTLIQUIDCORIMAN","LiquidCoriMancantiBP","NULL","NULL","NULL","SYSTEM","SYSTEM","1"
"PRVPDGPIANORIPARTOM","CRUDPdgPianoRipSpeseAccentBP","M","2006","NULL","SYSTEM","SYSTEM","1"
"PRVPDGPIANORIPARTOV","CRUDPdgPianoRipSpeseAccentBP","V","2006","NULL","SYSTEM","SYSTEM","1"
"DOCCONCOMPRESDIPIST","ConsDispCompResDipIstBP","NULL","2006","NULL","SYSTEM","SYSTEM","1"
"PRVNPDGCONTRSPEV","CRUDDettagliContrSpeseBP","V","NULL","NULL","SYSTEM","SYSTEM","1"
"PRVNPDGCONTRSPEM","CRUDDettagliContrSpeseBP","M","NULL","NULL","SYSTEM","SYSTEM","1"
"PRVSTMPREFINDEC","StampaPreventivoFinDecSpeseBP","C","NULL","NULL","SYSTEM","SYSTEM","1"
"PRVSTMPREFINDEC","StampaPreventivoFinDecEntrateBP","C","NULL","NULL","SYSTEM","SYSTEM","1"
"CONSGAERESSPE","ConsGAEResSpeBP","NULL","2007","NULL","SYSTEM","SYSTEM","1"
"CONSGAERESETR","ConsGAEResEtrBP","NULL","2007","NULL","SYSTEM","SYSTEM","1"
"AMMCONSFECOFONDO","ConsFondoEconomaleBP","NULL","NULL","NULL","SYSTEM","SYSTEM","1"
"AMMFATTURINTRAINVV","ConsFileIntraInviatoBP","V","2011","NULL","SYSTEM","SYSTEM","1"
"CONSLIMITISPE","ConsVLimiteSpesaDetBP","NULL","2011","NULL","SYSTEM","SYSTEM","1"
"CFGPROGERCOREPROGERC","CommessaWorkpackageBP","M","NULL","2015","SYSTEM","SYSTEM","1"
"DOCOBBLIGCONSSCADOBB","ConsScadObbligazioniBP","NULL","NULL","NULL","SYSTEM","SYSTEM","1"
"XXXSTAMPAATTIVITAXXX","StampaAttivitaSiglaBP","M","NULL","NULL","SYSTEM","SYSTEM","1"
"CNSPDGINGCOREETRRES","StampaEntrateResiduiBP","NULL","2006","NULL","SYSTEM","SYSTEM","1"
"CNSPDGINGCOREDETRES","StampaDettaglioImpegniResiduiBP","NULL","2006","NULL","SYSTEM","SYSTEM","1"
"CNSPDGINGCOREUSCRES","StampaUsciteResiduiBP","NULL","2006","NULL","SYSTEM","SYSTEM","1"
"PRVVARSTANZRESIDM","CRUDVar_stanz_resBP","M","2010","NULL","SYSTEM","SYSTEM","1"
"PRVVARSTANZRESIDV","CRUDVar_stanz_resBP","V","2006","NULL","SYSTEM","SYSTEM","1"
"AMMCOMPENTABRSCAGLIU","CRUDAddizionaliBP","M","NULL","NULL","SYSTEM","SYSTEM","1"
"CFGSIOPEM","CRUDCodiciSiopeBP","M","NULL","NULL","SYSTEM","SYSTEM","1"
"CFGSIOPEV","CRUDCodiciSiopeBP","V","NULL","NULL","SYSTEM","SYSTEM","1"
"CFGANAGCFTABRISTATM","CRUDTipologieIstatBP","M","NULL","NULL","SYSTEM","SYSTEM","1"
"CFGANAGCFTABRISTATV","CRUDTipologieIstatBP","V","NULL","NULL","SYSTEM","SYSTEM","1"
"CFGPDCFINASSCPF0050M","CRUDConfigAssEVSiopeBP","M","NULL","NULL","SYSTEM","SYSTEM","1"
"CFGPDCFINASSCPF0050V","CRUDConfigAssEVSiopeBP","V","NULL","NULL","SYSTEM","SYSTEM","1"
"RIESIOMAN","ConsRiepilogoSiopeMandatiBP","NULL","NULL","NULL","SYSTEM","SYSTEM","1"
"RIESIOREV","ConsRiepilogoSiopeReversaliBP","NULL","NULL","NULL","SYSTEM","SYSTEM","1"
"CONSULTACCONTOADDCOM","AccontoAddComBP","NULL","NULL","NULL","SYSTEM","SYSTEM","1"
"CONSGAECOMRESSINT","ConsGAEComResSintBP","NULL","2009","NULL","SYSTEM","SYSTEM","1"
"AMMFATTURBLACKV","ConsFileBlackListBP","V","2011","2013","SYSTEM","SYSTEM","1"
"AMMFATTURBLACKM","ElaboraFileBlackListBP","M","2011","2013","SYSTEM","SYSTEM","1"
"AMMCOMPENESTRELA770M","Estrazione770BP","M","NULL","NULL","SYSTEM","SYSTEM","1"
"PRVRICOSRESV","CRUDRicostruzioneResiduiBP","V","NULL","2004","SYSTEM","SYSTEM","1"
"PRVRICOSRESM","CRUDRicostruzioneResiduiBP","M","NULL","2004","SYSTEM","SYSTEM","1"
"DOCCONVAROBBPRO","CRUDObbligazioneModificaBP","M","2010","NULL","SYSTEM","SYSTEM","1"
"DOCCONVAROBBPROV","CRUDObbligazioneModificaBP","V","NULL","NULL","SYSTEM","SYSTEM","1"
